ADDRESS,VACANT AS OF,DWELLING TYPE,VACANT BUILDING CATEGORY,WARD,DISTRICT,CENSUS TRACT,MAP LOCATION,District Council - Map,Council Ward,:@computed_region_crxq_iug7,:@computed_region_5wjj_5at9
937 SHERBURNE AVE,04/30/2019 12:00:00 AM,Duplex,2,1,7,32500,"(44.9567603300828, -93.139762414751)",10,7,55,47
535 FOREST ST,04/26/2019 12:00:00 AM,Single Family Residential,2,7,4,34500,"(44.957410404869, -93.061161243197)",15,2,196,42
842 UNIVERSITY AVE W,04/24/2019 12:00:00 AM,Single Family Residential,2,1,8,33500,"(44.9554819820147, -93.13567740974)",9,7,66,40
996 MARION ST,04/24/2019 12:00:00 AM,Duplex,1,5,6,30800,"(44.97139072308, -93.109610419941)",3,3,157,69
652 HALL AVE,04/22/2019 12:00:00 AM,Duplex,3,2,3,37200,"(44.9263735950436, -93.086325394898)",7,5,78,9
792 DULUTH ST,04/22/2019 12:00:00 AM,Duplex,2,6,4,31701,"(44.965291417806, -93.050645621747)",15,1,128,58
1400 UNIVERSITY AVE W,04/16/2019 12:00:00 AM,Commercial,2,1,13,33400,"(44.9536084165855, -93.159152179633)",17,7,33,37
425 RICE ST,04/16/2019 12:00:00 AM,Commercial,2,1,17,33700,"(44.9536181436373, -93.107809606981)",12,7,97,39
1440 MARSHALL AVE,04/10/2019 12:00:00 AM,Commercial,2,1,13,33400,"(44.9482026685217, -93.161245284427)",17,7,32,37
218 PASCAL ST N,04/10/2019 12:00:00 AM,Commercial,2,1,13,33400,"(44.9478738971447, -93.161736132138)",17,7,32,37
1876 MECHANIC AVE,04/09/2019 12:00:00 AM,Single Family Residential,1,6,2,31801,"(44.9728379377429, -93.021254619066)",14,1,147,63
750 CHATSWORTH ST S,04/05/2019 12:00:00 AM,Duplex,2,2,9,36700,"(44.9189407406274, -93.14108689167)",11,5,60,6
610 LARPENTEUR AVE E,04/03/2019 12:00:00 AM,Duplex,2,6,5,30602,"(44.9917519986127, -93.074885221847)",13,1,191,81
25 JESSAMINE AVE E,04/03/2019 12:00:00 AM,Single Family Residential,2,5,6,30500,"(44.9748357438782, -93.100165355378)",3,3,162,75
1739 CARROLL AVE,04/03/2019 12:00:00 AM,Single Family Residential,2,4,13,33400,"(44.9505108931445, -93.173914030032)",17,4,19,37
1271 MARION ST,04/01/2019 12:00:00 AM,Single Family Residential,1,5,6,30800,"(44.9795463927248, -93.10991169607)",3,3,158,69
240 COTTAGE AVE W,03/25/2019 12:00:00 AM,Single Family Residential,2,5,6,30400,"(44.9826352633946, -93.110223267811)",3,3,158,79
1156 MARYLAND AVE E,03/22/2019 12:00:00 AM,Single Family Residential,2,6,5,31100,"(44.9773487291127, -93.051705031558)",13,1,129,72
598 LAFOND AVE,03/21/2019 12:00:00 AM,Single Family Residential,2,1,7,32600,"(44.9601196977974, -93.12539472253)",10,7,85,51
1734 7TH ST E,03/21/2019 12:00:00 AM,Single Family Residential,2,7,2,31801,"(44.9664939992909, -93.027195269704)",14,2,139,63
1403 HAMLINE AVE N,03/21/2019 12:00:00 AM,Single Family Residential,1,4,10,30201,"(44.9834949793758, -93.15696914765)",2,4,37,77
65 WINIFRED ST W,03/19/2019 12:00:00 AM,Single Family Residential,1,2,3,37100,"(44.9316620044322, -93.0883877698)",7,5,78,18
1155 MARION ST,03/19/2019 12:00:00 AM,Single Family Residential,2,5,6,30800,"(44.9759788153959, -93.109927686819)",3,3,157,69
941 CYPRESS ST,03/14/2019 12:00:00 AM,Single Family Residential,2,6,5,31600,"(44.9697655636952, -93.058365371239)",13,1,195,65
1311 BURNS AVE,03/14/2019 12:00:00 AM,Single Family Residential,1,7,4,34601,"(44.9488932778155, -93.044902775498)",15,2,126,38
817 BURR ST,03/13/2019 12:00:00 AM,Multi-family Residential,2,5,5,31500,"(44.965869347891, -93.080093208114)",13,3,186,59
1144 FAIRMOUNT AVE,03/13/2019 12:00:00 AM,Single Family Residential,2,2,16,35300,"(44.9366493090143, -93.148487489046)",8,5,44,4
2039 CASE AVE,03/05/2019 12:00:00 AM,Single Family Residential,1,6,2,31802,"(44.9704609360422, -93.014335923408)",14,1,152,66
1241 6TH ST E,03/05/2019 12:00:00 AM,Duplex,2,7,4,34601,"(44.9605260318585, -93.048003099777)",15,2,127,38
2060 3RD ST E,03/05/2019 12:00:00 AM,Single Family Residential,1,7,1,34702,"(44.9565683001788, -93.013555565445)",16,2,155,44
1093 6TH ST E,02/28/2019 12:00:00 AM,Single Family Residential,1,7,4,34601,"(44.9605045778387, -93.054265174746)",15,2,127,38
1034 BRADLEY ST,02/28/2019 12:00:00 AM,Single Family Residential,1,5,5,30900,"(44.9724396860172, -93.078468871263)",13,3,185,68
2070 SCHEFFER AVE,02/26/2019 12:00:00 AM,Single Family Residential,1,3,15,43000,"(44.9214418786329, -93.187916734187)",6,6,117,22
1047 4TH ST E,02/21/2019 12:00:00 AM,Duplex,1,7,4,34500,"(44.9586713275938, -93.056426339203)",15,2,196,42
692 6TH ST E,02/21/2019 12:00:00 AM,Single Family Residential,1,7,4,34400,"(44.9571692143371, -93.071794187458)",15,2,188,36
1138 ENGLEWOOD AVE,02/15/2019 12:00:00 AM,Single Family Residential,1,4,11,32300,"(44.9637400516155, -93.148205536332)",4,4,48,54
211 MORTON ST E,02/14/2019 12:00:00 AM,Single Family Residential,2,2,3,37200,"(44.9258672015452, -93.076619304075)",7,5,79,9
377 MARYLAND AVE W,02/14/2019 12:00:00 AM,Single Family Residential,2,5,6,30800,"(44.9774798732552, -93.11595509415)",3,3,158,69
1561 STILLWATER AVE,02/13/2019 12:00:00 AM,Single Family Residential,1,6,2,31801,"(44.9679656308277, -93.034522495522)",14,1,139,63
1220 ST CLAIR AVE,02/12/2019 12:00:00 AM,Duplex,2,3,14,36600,"(44.934037607287, -93.151890617605)",5,6,43,8
1459 PAYNE AVE,02/08/2019 12:00:00 AM,Single Family Residential,2,6,5,30602,"(44.9852209257025, -93.073835917258)",13,1,191,81
270 EARL ST,02/05/2019 12:00:00 AM,Single Family Residential,2,7,4,34601,"(44.9494392813004, -93.055568127188)",15,2,125,38
885 MARGARET ST,02/05/2019 12:00:00 AM,Single Family Residential,1,7,4,33100,"(44.9613364128493, -93.063125015286)",15,2,196,52
1809 NEBRASKA AVE E,02/05/2019 12:00:00 AM,Single Family Residential,1,6,2,30702,"(44.986655836636, -93.023861025073)",14,1,148,80
733 EARL ST,02/05/2019 12:00:00 AM,Duplex,1,7,4,31701,"(44.9634528086202, -93.056011765647)",15,2,195,58
1390 BEECH ST,02/05/2019 12:00:00 AM,Single Family Residential,1,7,4,34602,"(44.9620654135776, -93.041998605539)",15,2,135,46
501 DESNOYER AVE,02/04/2019 12:00:00 AM,Duplex,1,4,13,43000,"(44.9549848366528, -93.202551515127)",17,4,113,22
81 HATCH AVE,02/04/2019 12:00:00 AM,Duplex,2,5,6,31400,"(44.9712194623463, -93.103380462213)",3,3,162,62
543 NEVADA AVE E,02/01/2019 12:00:00 AM,Single Family Residential,2,5,5,30601,"(44.9857152201208, -93.07760125898)",13,3,182,78
941 GREENBRIER ST,01/29/2019 12:00:00 AM,Single Family Residential,1,6,5,31500,"(44.9697004395415, -93.071195702925)",13,1,189,59
1583 ARLINGTON AVE E,01/29/2019 12:00:00 AM,Single Family Residential,1,6,2,30703,"(44.9849094782047, -93.033557578638)",14,1,136,82
991 FARRINGTON ST,01/24/2019 12:00:00 AM,Single Family Residential,2,5,6,30800,"(44.9712550595629, -93.113795704676)",3,3,157,69
784 AGATE ST APT 3,01/24/2019 12:00:00 AM,Multi-family Residential,1,5,6,31400,"(44.9649113704323, -93.093630499561)",3,3,179,62
1044 MINNEHAHA AVE W,01/24/2019 12:00:00 AM,Single Family Residential,1,1,7,32400,"(44.9628247773926, -93.144409975113)",10,7,55,56
1803 MARGARET ST,01/23/2019 12:00:00 AM,Single Family Residential,2,7,1,34701,"(44.9614746612757, -93.024132620861)",16,2,145,43
1784 MONTANA AVE E,01/18/2019 12:00:00 AM,Commercial,1,6,2,30702,"(44.9873404513404, -93.024785280614)",14,1,148,80
779 CARROLL AVE,01/11/2019 12:00:00 AM,Single Family Residential,2,1,8,33500,"(44.9504592493101, -93.133036469857)",9,7,66,40
421 7TH ST E,01/11/2019 12:00:00 AM,Commercial,1,2,4,33000,"(44.9536528923598, -93.083213239044)",15,5,177,50
1637 ARLINGTON AVE E,01/09/2019 12:00:00 AM,Single Family Residential,1,6,2,30703,"(44.9848973447649, -93.031350073489)",14,1,136,82
781 7TH ST E,01/09/2019 12:00:00 AM,Commercial,1,7,4,33100,"(44.9609375066703, -93.068648006727)",15,2,188,52
1094 ROSS AVE,01/04/2019 12:00:00 AM,Duplex,2,6,4,31701,"(44.9656853957803, -93.054358756323)",15,1,128,58
675 HAWTHORNE AVE E,01/04/2019 12:00:00 AM,Duplex,1,6,5,31000,"(44.9784925313411, -93.071993471245)",13,1,165,70
455 GRAND AVE,01/04/2019 12:00:00 AM,Single Family Residential,1,2,16,35800,"(44.9392283715448, -93.119332974124)",8,5,88,27
140 JENKS AVE,01/04/2019 12:00:00 AM,Single Family Residential,1,5,6,31400,"(44.9709514940659, -93.094716717059)",3,3,180,62
1029 SCHEFFER AVE,01/02/2019 12:00:00 AM,Single Family Residential,1,2,9,36700,"(44.9216343542223, -93.143813525535)",11,5,59,6
1826 ROBLYN AVE,12/28/2018 12:00:00 AM,Single Family Residential,1,4,13,33300,"(44.9514138804041, -93.177562768993)",17,4,7,34
1194 ALBEMARLE ST,12/26/2018 12:00:00 AM,Single Family Residential,2,5,6,30800,"(44.9771311954648, -93.106983228102)",3,3,157,69
1117 JENKS AVE,12/24/2018 12:00:00 AM,Single Family Residential,2,6,5,31600,"(44.9713993924111, -93.053447135661)",13,1,129,65
947 MINNEHAHA AVE E,12/18/2018 12:00:00 AM,Multi-family Residential,1,7,4,31701,"(44.9631888239755, -93.060556291004)",15,2,195,58
372 MARYLAND AVE E,12/18/2018 12:00:00 AM,Single Family Residential,2,5,5,30900,"(44.9771671382297, -93.084805286211)",13,3,185,68
146 WATER ST W,12/18/2018 12:00:00 AM,Mixed Use,2,2,3,37100,"(44.9373469195461, -93.093236784582)",7,5,174,18
1076 WESTERN AVE N,12/18/2018 12:00:00 AM,Single Family Residential,1,5,6,30800,"(44.973691994293, -93.11591169367)",3,3,157,69
1503 VAN BUREN AVE,12/13/2018 12:00:00 AM,Single Family Residential,2,4,11,32100,"(44.9621337561822, -93.164093732893)",4,4,34,57
393 MARSHALL AVE,12/13/2018 12:00:00 AM,Commercial,1,1,8,33600,"(44.9490108314643, -93.116837703948)",9,7,86,41
213 BATES AVE,12/12/2018 12:00:00 AM,Commercial,2,7,4,34400,"(44.9528003891497, -93.065818681958)",15,2,187,36
884 WESTMINSTER ST,12/12/2018 12:00:00 AM,Single Family Residential,2,5,5,33000,"(44.9678339667302, -93.085293899558)",13,3,186,50
1127 RAYMOND AVE,12/07/2018 12:00:00 AM,Multi-family Residential,2,4,12,30100,"(44.9757492477644, -93.19262962134)",1,4,4,74
121 HATCH AVE,12/05/2018 12:00:00 AM,Single Family Residential,2,5,6,31400,"(44.9712352648698, -93.105044664115)",3,3,162,62
540 FOREST ST,11/30/2018 12:00:00 AM,Single Family Residential,1,7,4,34500,"(44.9575007484823, -93.060709712134)",15,2,196,42
339 JESSAMINE AVE E,11/30/2018 12:00:00 AM,Duplex,2,5,5,30900,"(44.9747362032237, -93.085990774877)",13,3,185,68
1793 MARYLAND AVE E,11/30/2018 12:00:00 AM,Single Family Residential,2,6,2,30702,"(44.9776468790929, -93.024658053483)",14,1,149,80
727 SHERBURNE AVE,11/27/2018 12:00:00 AM,Single Family Residential,2,1,7,32500,"(44.9567902652595, -93.130832807721)",10,7,67,47
600 BEAUMONT ST,11/27/2018 12:00:00 AM,Duplex,1,7,5,33000,"(44.9615505619281, -93.07542168241)",13,2,188,50
670 PAYNE AVE,11/27/2018 12:00:00 AM,Commercial,1,7,5,33000,"(44.961418357272, -93.075791547045)",13,2,188,50
664 PAYNE AVE,11/27/2018 12:00:00 AM,Commercial,1,7,5,33000,"(44.9612825881706, -93.075991310576)",13,2,188,50
608 BEAUMONT ST,11/27/2018 12:00:00 AM,Duplex,2,7,5,33000,"(44.9615506487986, -93.075326172698)",13,2,188,50
874 HOWELL ST N,11/20/2018 12:00:00 AM,Duplex,2,4,11,32000,"(44.9674359737442, -93.180838149319)",4,4,5,55
2200 LARPENTEUR AVE E,11/20/2018 12:00:00 AM,Commercial,2,6,2,30702,"(44.9908781526989, -93.00838019153)",14,1,150,80
1520 CONCORDIA AVE,11/20/2018 12:00:00 AM,Single Family Residential,1,1,13,33400,"(44.9510817046758, -93.164380775705)",17,7,33,37
1369 WYNNE AVE,11/19/2018 12:00:00 AM,Single Family Residential,3,4,10,30201,"(44.9756967100957, -93.158024692367)",2,4,36,77
850 WHITE BEAR AVE N,11/16/2018 12:00:00 AM,Commercial,1,7,2,31801,"(44.9669877449914, -93.025133824385)",14,2,146,63
107 VIRGINIA ST,11/14/2018 12:00:00 AM,Multi-family Residential,1,1,8,35500,"(44.9445483503274, -93.11497620853)",9,7,96,31
585 JEFFERSON AVE,11/09/2018 12:00:00 AM,Single Family Residential,2,2,9,36900,"(44.9307683691986, -93.124168487809)",11,5,90,16
1656 GURNEY ST,11/09/2018 12:00:00 AM,Single Family Residential,2,5,6,30500,"(44.9911548696491, -93.09999670961)",3,3,160,75
908 JEFFERSON AVE,11/09/2018 12:00:00 AM,Single Family Residential,2,2,9,36700,"(44.9304301859259, -93.138456564001)",11,5,106,6
1735 REANEY AVE,11/08/2018 12:00:00 AM,Single Family Residential,2,7,2,31801,"(44.9642354941319, -93.027049092676)",14,2,139,63
995 REANEY AVE,11/06/2018 12:00:00 AM,Duplex,2,7,4,31701,"(44.9640829944405, -93.058632008706)",15,2,195,58
912 YORK AVE,11/06/2018 12:00:00 AM,Single Family Residential,2,6,5,31600,"(44.9683772189567, -93.061993037937)",13,1,195,65
933 ALBEMARLE ST,11/06/2018 12:00:00 AM,Single Family Residential,2,1,6,31300,"(44.9694446561118, -93.107396418766)",3,7,156,60
1639 BEECH ST,11/02/2018 12:00:00 AM,Single Family Residential,2,7,1,34602,"(44.9623630254594, -93.031258065995)",16,2,140,46
1911 MARGARET ST,10/31/2018 12:00:00 AM,Single Family Residential,2,7,1,34702,"(44.9614483937664, -93.019652834373)",16,2,145,44
2171 5TH ST E,10/31/2018 12:00:00 AM,Single Family Residential,1,7,1,34702,"(44.9595991426094, -93.008734272478)",16,2,154,44
373 NEBRASKA AVE W,10/29/2018 12:00:00 AM,Single Family Residential,2,5,6,30400,"(44.9865267801216, -93.115633905972)",3,3,159,79
1764 BUSH AVE,10/26/2018 12:00:00 AM,Single Family Residential,2,7,2,31801,"(44.9647839399701, -93.025980448472)",14,2,139,63
1367 5TH ST E,10/26/2018 12:00:00 AM,Single Family Residential,1,7,4,34602,"(44.9595915823309, -93.042655825086)",15,2,135,46
842 5TH ST E,10/25/2018 12:00:00 AM,Duplex,1,7,4,34500,"(44.9592811422818, -93.064927247008)",15,2,196,42
663 YORK AVE,10/24/2018 12:00:00 AM,Single Family Residential,1,6,5,31500,"(44.9685536102579, -93.072478457386)",13,1,189,59
1282 HAGUE AVE,10/23/2018 12:00:00 AM,Single Family Residential,2,1,13,35300,"(44.9456954138268, -93.154490512909)",17,7,45,4
132 WESTERN AVE S,10/08/2018 12:00:00 AM,Single Family Residential,1,2,9,35900,"(44.9375417658737, -93.115846001889)",11,5,94,26
930 JESSAMINE AVE E,10/08/2018 12:00:00 AM,Single Family Residential,2,6,5,31100,"(44.9746567995321, -93.061365313913)",13,1,194,72
666 FULLER AVE,10/05/2018 12:00:00 AM,Single Family Residential,2,1,8,33500,"(44.9537750045271, -93.128223421517)",9,7,66,40
363 LAWSON AVE E,10/03/2018 12:00:00 AM,Single Family Residential,2,5,5,30900,"(44.9720365609195, -93.085037556426)",13,3,185,68
1763 MINNEHAHA AVE E,09/27/2018 12:00:00 AM,Single Family Residential,1,7,2,31801,"(44.9632470507805, -93.026015273498)",14,2,139,63
981 MENDOTA ST,09/21/2018 12:00:00 AM,Single Family Residential,2,6,5,31600,"(44.9708851736247, -93.063554820639)",13,1,194,65
362 SHERBURNE AVE,09/17/2018 12:00:00 AM,Single Family Residential,2,1,7,32700,"(44.9565301797738, -93.115443744254)",10,7,98,49
1111 REANEY AVE,09/14/2018 12:00:00 AM,Single Family Residential,1,7,4,31701,"(44.9641367144319, -93.053777519474)",15,2,128,58
1686 7TH ST E,09/14/2018 12:00:00 AM,Single Family Residential,2,7,2,31801,"(44.9665190944511, -93.029271715712)",14,2,139,63
2071 SUBURBAN AVE,09/13/2018 12:00:00 AM,Duplex,1,7,1,34702,"(44.9504117286651, -93.013043572652)",16,2,155,44
1952 NEBRASKA AVE E,09/13/2018 12:00:00 AM,Single Family Residential,1,6,2,30702,"(44.9863697605201, -93.017989721357)",14,1,148,80
171 WYOMING ST E,09/11/2018 12:00:00 AM,Single Family Residential,2,2,3,37200,"(44.9205579240479, -93.07797454436)",7,5,79,9
1846 CHELTON AVE,09/10/2018 12:00:00 AM,Single Family Residential,2,4,11,32000,"(44.9645890929596, -93.17824742061)",4,4,5,55
1565 ROSS AVE,09/07/2018 12:00:00 AM,Single Family Residential,2,7,2,31801,"(44.9659929509393, -93.034573590577)",14,2,139,63
1011 BURNS AVE,09/07/2018 12:00:00 AM,Single Family Residential,2,7,4,34500,"(44.9488698349355, -93.057716577814)",15,2,197,42
431 VIRGINIA ST,09/06/2018 12:00:00 AM,Single Family Residential,2,1,8,33700,"(44.9543490179189, -93.114898899503)",9,7,97,39
1457 CHARLES AVE,08/31/2018 12:00:00 AM,Duplex,1,4,11,32200,"(44.9576137836986, -93.161718294722)",4,4,34,53
917 FREMONT AVE,08/29/2018 12:00:00 AM,Duplex,2,7,4,34500,"(44.9577282179937, -93.061770149139)",15,2,196,42
134 ELIZABETH ST E,08/28/2018 12:00:00 AM,Single Family Residential,2,2,3,37200,"(44.926977764026, -93.079680476103)",7,5,79,9
1992 WELLESLEY AVE,08/27/2018 12:00:00 AM,Single Family Residential,1,3,14,36300,"(44.931439221196, -93.184499218013)",5,6,10,10
51 LITCHFIELD ST,08/27/2018 12:00:00 AM,Single Family Residential,2,1,6,31400,"(44.9695886925642, -93.102220983973)",3,7,163,62
401 ROSE AVE E,08/23/2018 12:00:00 AM,Single Family Residential,2,5,5,30900,"(44.9765802635805, -93.083464290287)",13,3,185,68
383 ROSE AVE E,08/23/2018 12:00:00 AM,Single Family Residential,1,5,5,30900,"(44.9765929786349, -93.084496625602)",13,3,185,68
1025 MINNEHAHA AVE E,08/20/2018 12:00:00 AM,Single Family Residential,2,7,4,31701,"(44.9631597587401, -93.057251202218)",15,2,195,58
1895 ST ANTHONY AVE,08/20/2018 12:00:00 AM,Duplex,2,4,13,33200,"(44.9533676208694, -93.179907201792)",17,4,7,48
1028 ROSS AVE,08/20/2018 12:00:00 AM,Single Family Residential,1,6,4,31701,"(44.965653714354, -93.057207167836)",15,1,195,58
572 EARL ST,08/20/2018 12:00:00 AM,Commercial,1,7,4,34601,"(44.9588548704542, -93.055630150551)",15,2,127,38
953 SHERBURNE AVE,08/17/2018 12:00:00 AM,Single Family Residential,2,1,7,32500,"(44.9567716526302, -93.140379599975)",10,7,55,47
721 JACKSON ST,08/14/2018 12:00:00 AM,Mixed Use,2,1,7,42800,"(44.9602728181524, -93.09851087214)",10,7,164,45
1293 PAYNE AVE,08/10/2018 12:00:00 AM,Single Family Residential,2,6,5,31000,"(44.9802812681236, -93.073773284887)",13,1,165,70
1350 LAUREL AVE,08/08/2018 12:00:00 AM,Single Family Residential,1,1,13,35200,"(44.9448150223285, -93.157389549336)",17,7,32,24
1187 MARYLAND AVE E,08/07/2018 12:00:00 AM,Single Family Residential,2,6,5,31100,"(44.9776891361793, -93.050218246014)",13,1,130,72
1021 FULLER AVE,08/06/2018 12:00:00 AM,Single Family Residential,2,1,8,33500,"(44.9540607124276, -93.143159479574)",9,7,56,40
1918 IVY AVE E,08/03/2018 12:00:00 AM,Single Family Residential,2,6,2,30702,"(44.98094518041, -93.019373199725)",14,1,149,80
965 MISSISSIPPI RIVER BLVD S,08/01/2018 12:00:00 AM,Mixed Use,1,3,15,37601,"(44.9127896584659, -93.197966043859)",6,6,118,2
1519 MARSHALL AVE,07/31/2018 12:00:00 AM,Single Family Residential,1,1,13,33400,"(44.9486622281226, -93.164412823121)",17,7,33,37
1576 GRIGGS ST N,07/26/2018 12:00:00 AM,Single Family Residential,2,5,10,30201,"(44.9888288674784, -93.149855487952)",2,3,50,77
1163 JESSAMINE AVE E,07/26/2018 12:00:00 AM,Single Family Residential,2,6,5,31100,"(44.9749916867384, -93.05136202131)",13,1,129,72
312 JESSAMINE AVE E,07/26/2018 12:00:00 AM,Single Family Residential,2,5,5,30900,"(44.9744231689161, -93.087234292228)",13,3,185,68
733 CASE AVE,07/24/2018 12:00:00 AM,Duplex,2,6,5,31000,"(44.9705846718257, -93.069608310692)",13,1,190,70
647 SHERBURNE AVE,07/19/2018 12:00:00 AM,Single Family Residential,1,1,7,32500,"(44.9567854224916, -93.127496606087)",10,7,67,47
2261 HILLSIDE AVE,07/19/2018 12:00:00 AM,Single Family Residential,1,4,12,30100,"(44.9786441993753, -93.196116733602)",1,4,4,74
46 FRONT AVE,07/19/2018 12:00:00 AM,Duplex,2,1,6,31400,"(44.9701501089461, -93.102068755542)",3,7,163,62
428 BAY ST,07/18/2018 12:00:00 AM,Single Family Residential,2,2,9,36800,"(44.9285075755953, -93.1304791357)",11,5,62,15
957 EUCLID ST,07/12/2018 12:00:00 AM,Single Family Residential,2,7,4,34500,"(44.9550690618731, -93.060017194875)",15,2,197,42
1618 HAMLINE AVE N,07/11/2018 12:00:00 AM,Single Family Residential,2,5,10,30201,"(44.9898908252795, -93.156346314366)",2,3,50,77
839 VAN BUREN AVE,07/11/2018 12:00:00 AM,Single Family Residential,2,1,7,32400,"(44.9621971658541, -93.135552742911)",10,7,67,56
1860 HAWTHORNE AVE E,07/10/2018 12:00:00 AM,Single Family Residential,1,6,2,30702,"(44.9782571367095, -93.021753364895)",14,1,149,80
832 ARMSTRONG AVE,07/10/2018 12:00:00 AM,Duplex,1,2,9,36800,"(44.9248899626917, -93.135143090992)",11,5,61,15
1082 SUBURBAN AVE,07/06/2018 12:00:00 AM,Single Family Residential,1,7,4,34601,"(44.9494883752266, -93.05482021173)",15,2,125,38
940 EDGERTON ST,07/03/2018 12:00:00 AM,Single Family Residential,1,6,5,31500,"(44.9696185288047, -93.075916865896)",13,1,189,59
957 PROSPERITY AVE,07/03/2018 12:00:00 AM,Multi-family Residential,3,6,2,31702,"(44.9704484661915, -93.042854021023)",14,1,134,67
1066 DESOTO ST,07/03/2018 12:00:00 AM,Single Family Residential,2,5,5,30900,"(44.9732810432377, -93.080886903369)",13,3,185,68
233 CESAR CHAVEZ ST,07/02/2018 12:00:00 AM,Single Family Residential,2,2,3,36100,"(44.9292112943799, -93.075296192175)",7,5,80,20
821 AGATE ST,06/29/2018 12:00:00 AM,Single Family Residential,2,5,6,31400,"(44.9661083484422, -93.094403674652)",3,3,179,62
110 DOUGLAS ST,06/28/2018 12:00:00 AM,Single Family Residential,1,2,9,36000,"(44.9381783678384, -93.11085696436)",11,5,94,17
123 CAYUGA ST,06/28/2018 12:00:00 AM,Single Family Residential,2,5,6,31400,"(44.9672897995868, -93.095316712134)",3,3,179,62
1600 7TH ST W,06/26/2018 12:00:00 AM,Commercial,2,2,9,36700,"(44.9165085787817, -93.142383425613)",11,5,60,6
38 WINNIPEG AVE,06/26/2018 12:00:00 AM,Single Family Residential,1,1,6,31400,"(44.9672613800273, -93.101766674589)",3,7,163,62
228 FRONT AVE,06/21/2018 12:00:00 AM,Commercial,2,1,6,31300,"(44.9701092430949, -93.109601448973)",3,7,156,60
1880 BERKELEY AVE,06/20/2018 12:00:00 AM,Single Family Residential,1,3,14,36300,"(44.9332177701483, -93.18009162379)",5,6,10,10
1734 SIMS AVE,06/19/2018 12:00:00 AM,Duplex,1,6,2,31801,"(44.9693780984197, -93.02688671016)",14,1,139,63
1941 UNIVERSITY AVE W,06/15/2018 12:00:00 AM,Mixed Use,2,4,11,31900,"(44.9581373845201, -93.180713897461)",4,4,6,61
1013 LAWSON AVE E,06/14/2018 12:00:00 AM,Single Family Residential,1,6,5,31600,"(44.9722370384897, -93.057699001076)",13,1,194,65
444 PAGE ST E,06/14/2018 12:00:00 AM,Single Family Residential,2,2,3,37200,"(44.9247147822145, -93.066765621849)",7,5,122,9
903 YORK AVE,06/13/2018 12:00:00 AM,Duplex,2,6,5,31600,"(44.9688243029589, -93.062065158102)",13,1,195,65
778 JENKS AVE,06/11/2018 12:00:00 AM,Single Family Residential,2,6,5,31000,"(44.970904142225, -93.067828541888)",13,1,190,70
119 LYTON PLACE,06/11/2018 12:00:00 AM,Mixed Use,2,1,6,31400,"(44.9656846082348, -93.105033849243)",3,7,163,62
1079 MARYLAND AVE E,06/11/2018 12:00:00 AM,Single Family Residential,2,6,5,31100,"(44.9776899930127, -93.054860135372)",13,1,130,72
869 MARYLAND AVE E,06/06/2018 12:00:00 AM,Single Family Residential,1,6,5,31100,"(44.9776862603123, -93.063879696267)",13,1,131,72
1486 MIDWAY PKWY,06/05/2018 12:00:00 AM,Single Family Residential,1,4,10,30201,"(44.9805865576887, -93.163008164714)",2,4,37,77
2264 UNIVERSITY AVE W,06/01/2018 12:00:00 AM,Commercial,1,4,12,33200,"(44.9621462919296, -93.19362228689)",1,4,1,48
1419 RANDOLPH AVE,05/31/2018 12:00:00 AM,Single Family Residential,2,3,14,36500,"(44.9271312603716, -93.1601835999)",5,6,30,12
133 7TH ST E,05/24/2018 12:00:00 AM,Commercial,2,2,17,34202,"(44.9499185912971, -93.093018374003)",12,5,175,35
495 MARSHALL AVE,05/22/2018 12:00:00 AM,Single Family Residential,2,1,8,34000,"(44.9486580162193, -93.120945310258)",9,7,86,19
660 CHARLES AVE,05/16/2018 12:00:00 AM,Duplex,2,1,7,32500,"(44.9574095480765, -93.128133670254)",10,7,67,47
849 SMITH AVE S,05/09/2018 12:00:00 AM,Commercial,2,2,3,37000,"(44.920459107784, -93.101935631987)",7,5,171,7
899 ASHLAND AVE,05/09/2018 12:00:00 AM,Single Family Residential,1,1,8,42900,"(44.9440553809374, -93.138116508973)",9,7,57,28
1456 HEWITT AVE,05/07/2018 12:00:00 AM,Single Family Residential,2,4,11,32200,"(44.9663082257464, -93.161963809671)",4,4,35,53
1027 AVON ST N,05/03/2018 12:00:00 AM,Single Family Residential,2,5,10,31200,"(44.9720639322497, -93.133592894609)",2,3,69,64
1199 BEECH ST,05/02/2018 12:00:00 AM,Single Family Residential,2,7,4,34601,"(44.9623311996349, -93.049842275296)",15,2,127,38
1143 WOODBRIDGE ST,05/02/2018 12:00:00 AM,Single Family Residential,3,5,6,30800,"(44.9755194837274, -93.10869354129)",3,3,157,69
378 JESSAMINE AVE E,04/27/2018 12:00:00 AM,Single Family Residential,2,5,5,30900,"(44.9744876224593, -93.084556425062)",13,3,185,68
1031 4TH ST E,04/24/2018 12:00:00 AM,Single Family Residential,2,7,4,34500,"(44.9586556670634, -93.057164219328)",15,2,196,42
1111 CASE AVE,04/24/2018 12:00:00 AM,Single Family Residential,2,6,5,31600,"(44.970452463084, -93.053617608566)",13,1,129,65
363 WOODLAWN AVE,04/23/2018 12:00:00 AM,Single Family Residential,1,3,14,43000,"(44.9305073930818, -93.196161595432)",5,6,116,22
862 PASCAL ST N,04/20/2018 12:00:00 AM,Single Family Residential,1,4,11,32200,"(44.9671392579499, -93.162004116998)",4,4,35,53
1295 GALTIER ST,04/19/2018 12:00:00 AM,Single Family Residential,2,5,6,30800,"(44.9801620727278, -93.111235146613)",3,3,158,69
797 TATUM ST,04/18/2018 12:00:00 AM,Single Family Residential,2,4,11,32000,"(44.9651196968627, -93.180007328317)",4,4,5,55
605 STRYKER AVE,04/17/2018 12:00:00 AM,Commercial,2,2,3,37100,"(44.9277075240386, -93.0884563694)",7,5,78,18
1098 BRADLEY ST,04/17/2018 12:00:00 AM,Single Family Residential,2,5,5,30900,"(44.974283502347, -93.078421662102)",13,3,185,68
1067 COMO PLACE,04/16/2018 12:00:00 AM,Single Family Residential,2,5,10,31200,"(44.9733343456507, -93.134619718456)",2,3,69,64
284 ALBERT ST S,04/12/2018 12:00:00 AM,Single Family Residential,2,3,14,36500,"(44.9329732209366, -93.159244954153)",5,6,30,12
332 JESSAMINE AVE E,04/11/2018 12:00:00 AM,Single Family Residential,2,5,5,30900,"(44.9744068536829, -93.086599207553)",13,3,185,68
549 MINNEHAHA AVE E,04/11/2018 12:00:00 AM,Mixed Use,1,5,5,31500,"(44.9630776994996, -93.077209033215)",13,3,186,59
875 HAGUE AVE,04/10/2018 12:00:00 AM,Duplex,2,1,8,42900,"(44.9459116082248, -93.137169558428)",9,7,57,28
106 DOUGLAS ST,04/10/2018 12:00:00 AM,Duplex,2,2,9,36000,"(44.9382620645505, -93.110862640171)",11,5,94,17
47 IRVINE PARK,03/29/2018 12:00:00 AM,Single Family Residential,2,2,9,36000,"(44.9403117944762, -93.102373246558)",11,5,169,17
1130 FOREST ST,03/28/2018 12:00:00 AM,Single Family Residential,2,6,5,31100,"(44.9753142731295, -93.060665195748)",13,1,194,72
882 7TH ST W,03/23/2018 12:00:00 AM,Commercial,2,2,9,36900,"(44.9291344520543, -93.123659707802)",11,5,92,16
1610 NEBRASKA AVE E,03/21/2018 12:00:00 AM,Single Family Residential,2,6,2,30703,"(44.9863865977476, -93.032320290394)",14,1,136,82
489 SHERBURNE AVE,03/19/2018 12:00:00 AM,Single Family Residential,3,1,7,32600,"(44.9567864260914, -93.120723549922)",10,7,85,51
1763 BAYARD AVE,03/14/2018 12:00:00 AM,Single Family Residential,1,3,15,36400,"(44.9226593972474, -93.174897679191)",6,6,23,13
900 MARYLAND AVE E,03/06/2018 12:00:00 AM,Commercial,1,6,5,31100,"(44.9773993020329, -93.062272497823)",13,1,194,72
253 UNIVERSITY AVE W,03/05/2018 12:00:00 AM,Commercial,1,1,7,32700,"(44.9559539903456, -93.110894023915)",10,7,98,49
255 UNIVERSITY AVE W,03/05/2018 12:00:00 AM,Commercial,1,1,7,32700,"(44.9559481171508, -93.110963307743)",10,7,98,49
1447 JULIET AVE,03/05/2018 12:00:00 AM,Single Family Residential,1,3,14,36500,"(44.9298245085836, -93.161270054805)",5,6,30,12
1106 PAYNE AVE,02/28/2018 12:00:00 AM,Commercial,2,6,5,31000,"(44.9745238085914, -93.0734090279)",13,1,190,70
1159 UNIVERSITY AVE W,02/27/2018 12:00:00 AM,Commercial,1,4,11,32300,"(44.9559741463131, -93.148778930045)",4,4,47,54
585 UNIVERSITY AVE W,02/26/2018 12:00:00 AM,Commercial,1,1,7,32600,"(44.9559031719132, -93.124871978282)",10,7,85,51
664 PLUM ST,02/16/2018 12:00:00 AM,Duplex,1,7,4,34400,"(44.9510373329798, -93.067237707468)",15,2,197,36
554 CHARLES AVE,02/15/2018 12:00:00 AM,Duplex,2,1,7,32600,"(44.9574383157606, -93.123449800341)",10,7,85,51
2 EDGCUMBE PLACE,02/15/2018 12:00:00 AM,Single Family Residential,1,3,15,36600,"(44.9150261444168, -93.150544074948)",6,6,41,8
691 DALE ST N,02/13/2018 12:00:00 AM,Commercial,1,1,7,32400,"(44.9621760372876, -93.126542072895)",10,7,67,56
53 GERANIUM AVE W,02/13/2018 12:00:00 AM,Single Family Residential,2,5,6,30500,"(44.9756943307109, -93.10226989622)",3,3,162,75
336 WYOMING ST E,02/13/2018 12:00:00 AM,Single Family Residential,2,2,3,37200,"(44.920198173554, -93.071408530249)",7,5,79,9
1614 6TH ST E,02/07/2018 12:00:00 AM,Single Family Residential,2,7,1,34602,"(44.9602454743308, -93.032226101464)",16,2,140,46
892 JESSAMINE AVE E,02/07/2018 12:00:00 AM,Duplex,1,6,5,31100,"(44.974661993789, -93.062720222861)",13,1,194,72
200 BELVIDERE ST E,01/31/2018 12:00:00 AM,Single Family Residential,2,2,3,37200,"(44.9220246755449, -93.07693461033)",7,5,79,9
622 BUSH AVE,01/30/2018 12:00:00 AM,Single Family Residential,2,6,5,31500,"(44.9646967382494, -93.07429657915)",13,1,189,59
575 BEAUMONT ST,01/29/2018 12:00:00 AM,Duplex,2,5,5,33000,"(44.9618004432851, -93.076333884697)",13,3,75,50
1146 PAYNE AVE,01/26/2018 12:00:00 AM,Commercial,3,6,5,31000,"(44.9758333053517, -93.073376933117)",13,1,190,70
1349 SCHLETTI ST,01/25/2018 12:00:00 AM,Single Family Residential,1,5,6,30400,"(44.9818683826083, -93.122646756136)",3,3,73,79
1213 3RD ST E,01/18/2018 12:00:00 AM,Single Family Residential,3,7,4,34601,"(44.956905163801, -93.049267187611)",15,2,127,38
947 FREMONT AVE,01/18/2018 12:00:00 AM,Single Family Residential,2,7,4,34500,"(44.9577622982784, -93.060396948859)",15,2,196,42
715 BURR ST,01/12/2018 12:00:00 AM,Duplex,2,5,5,33000,"(44.9626603436637, -93.07993028404)",13,3,75,50
1124 MATILDA ST,01/10/2018 12:00:00 AM,Single Family Residential,2,5,6,30800,"(44.9750671894328, -93.112129733422)",3,3,157,69
1042 BURR ST,01/03/2018 12:00:00 AM,Duplex,2,5,5,30900,"(44.9725519667172, -93.079682423108)",13,3,185,68
898 GALTIER ST,12/19/2017 12:00:00 AM,Single Family Residential,2,1,6,31300,"(44.9682602979253, -93.110826736313)",3,7,156,60
1274 EDGERTON ST,12/14/2017 12:00:00 AM,Single Family Residential,2,6,5,31000,"(44.9796625443615, -93.075882372015)",13,1,165,70
578 LAFOND AVE,11/21/2017 12:00:00 AM,Single Family Residential,2,1,7,32600,"(44.9600984024958, -93.124600387736)",10,7,85,51
58 WHEELOCK PKWY E,11/14/2017 12:00:00 AM,Single Family Residential,2,5,6,30500,"(44.9898829328031, -93.098482588482)",3,3,160,75
362 TOPPING ST,11/13/2017 12:00:00 AM,Single Family Residential,1,1,6,31300,"(44.9673531117447, -93.115358090372)",3,7,156,60
1978 PALACE AVE,11/09/2017 12:00:00 AM,Single Family Residential,2,3,14,36300,"(44.9287138296318, -93.183846767658)",5,6,10,10
1189 HAWTHORNE AVE E,11/08/2017 12:00:00 AM,Single Family Residential,1,6,5,31100,"(44.978573585349, -93.050220172337)",13,1,130,72
1825 MECHANIC AVE,11/06/2017 12:00:00 AM,Duplex,2,6,2,31801,"(44.9731243890548, -93.023447304015)",14,1,147,63
1315 PALACE AVE,11/03/2017 12:00:00 AM,Single Family Residential,1,3,14,36600,"(44.9289099226052, -93.15569712795)",5,6,43,8
1262 MINNEHAHA AVE E,11/02/2017 12:00:00 AM,Single Family Residential,1,7,4,34601,"(44.9629443353967, -93.04728760934)",15,2,127,38
1350 HAGUE AVE,10/27/2017 12:00:00 AM,Single Family Residential,2,1,13,35200,"(44.9457125790736, -93.157214982192)",17,7,32,24
902 6TH ST E,10/27/2017 12:00:00 AM,Single Family Residential,1,7,4,33100,"(44.960218865992, -93.062511290191)",15,2,196,52
426 BLAIR AVE,10/19/2017 12:00:00 AM,Single Family Residential,2,1,7,32600,"(44.9610235585263, -93.118059378845)",10,7,85,51
316 SUPERIOR ST,10/17/2017 12:00:00 AM,Single Family Residential,1,2,9,36000,"(44.9353894735538, -93.113278432195)",11,5,94,17
1475 PACIFIC ST,10/17/2017 12:00:00 AM,Single Family Residential,2,7,1,34602,"(44.951525611938, -93.038120421609)",16,2,126,46
994 GOODRICH AVE,10/13/2017 12:00:00 AM,Duplex,2,2,16,35700,"(44.9376810412518, -93.141927711569)",8,5,58,21
631 WESTERN AVE N,10/13/2017 12:00:00 AM,Single Family Residential,2,1,7,32600,"(44.960412116484, -93.116302241358)",10,7,85,51
251 DAYTON AVE,10/12/2017 12:00:00 AM,Duplex,1,1,8,34000,"(44.9476782348005, -93.110461613338)",9,7,96,19
433 ROBERT ST S,10/09/2017 12:00:00 AM,Commercial,2,2,3,37100,"(44.9328391959299, -93.081244948087)",7,5,77,18
636 HALL AVE,10/09/2017 12:00:00 AM,Single Family Residential,3,2,3,37200,"(44.9267619638886, -93.086316833412)",7,5,78,9
422 JESSAMINE AVE E,09/28/2017 12:00:00 AM,Duplex,2,5,5,30900,"(44.9744748599273, -93.082915210508)",13,3,185,68
829 LAWSON AVE E,09/26/2017 12:00:00 AM,Single Family Residential,2,6,5,31600,"(44.9722334210657, -93.065474394219)",13,1,194,65
660 JESSAMINE AVE E,09/22/2017 12:00:00 AM,Single Family Residential,2,6,5,31000,"(44.9745804956885, -93.072618464999)",13,1,190,70
1816 MINNEHAHA AVE E,09/22/2017 12:00:00 AM,Single Family Residential,2,7,1,34701,"(44.9628569601148, -93.023771105042)",16,2,145,43
1146 BREEN ST,09/20/2017 12:00:00 AM,Single Family Residential,1,6,2,31801,"(44.9758180532983, -93.026344088436)",14,1,138,63
899 GERMAIN ST,09/15/2017 12:00:00 AM,Single Family Residential,3,6,2,31801,"(44.9683268929693, -93.033101346951)",14,1,139,63
1014 JENKS AVE,09/14/2017 12:00:00 AM,Duplex,1,6,5,31600,"(44.9710953612028, -93.057708138953)",13,1,194,65
1955 ARLINGTON AVE E,09/12/2017 12:00:00 AM,Single Family Residential,1,6,2,30702,"(44.9848937684652, -93.017857843884)",14,1,148,80
1630 UNIVERSITY AVE W,09/11/2017 12:00:00 AM,Commercial,1,4,13,33400,"(44.9553647029005, -93.169027142126)",17,4,19,37
949 PAYNE AVE,09/07/2017 12:00:00 AM,Commercial,1,6,5,31500,"(44.9699070574025, -93.073697872323)",13,1,189,59
302 CHEROKEE AVE,09/05/2017 12:00:00 AM,Duplex,2,2,3,37000,"(44.9322017915612, -93.098394998931)",7,5,173,7
73 ROSE AVE E,08/31/2017 12:00:00 AM,Single Family Residential,2,5,6,30500,"(44.9766125634939, -93.097740780178)",3,3,162,75
1069 LAFOND AVE,08/29/2017 12:00:00 AM,Single Family Residential,2,1,7,32400,"(44.9604296924492, -93.145211442981)",10,7,55,56
515 DESNOYER AVE,08/25/2017 12:00:00 AM,Multi-family Residential,3,4,13,43000,"(44.9551472273076, -93.203006626794)",17,4,113,22
1803 IVY AVE E,08/16/2017 12:00:00 AM,Duplex,2,6,2,30702,"(44.9812533144961, -93.02415930366)",14,1,149,80
1560 REANEY AVE,08/11/2017 12:00:00 AM,Single Family Residential,2,7,2,31801,"(44.9638853813028, -93.034524394645)",14,2,139,63
801 LAFOND AVE,08/11/2017 12:00:00 AM,Single Family Residential,2,1,7,32400,"(44.9603850470774, -93.134160749845)",10,7,67,56
1490 7TH ST E,07/21/2017 12:00:00 AM,Single Family Residential,2,7,2,31702,"(44.9665764432039, -93.037564888809)",14,2,109,67
726 PLUM ST,07/20/2017 12:00:00 AM,Single Family Residential,2,7,4,34400,"(44.952767238889, -93.064202743744)",15,2,197,36
43 WINTER ST,07/14/2017 12:00:00 AM,Single Family Residential,2,1,7,42800,"(44.9600460995023, -93.101149729112)",10,7,164,45
1670 SHERBURNE AVE,07/13/2017 12:00:00 AM,Single Family Residential,1,4,11,32000,"(44.9564112517202, -93.170920858935)",4,4,18,55
780 STEWART AVE,07/07/2017 12:00:00 AM,Multi-family Residential,2,2,9,36800,"(44.9207284053541, -93.13127684007)",11,5,61,15
975 MARSHALL AVE,06/27/2017 12:00:00 AM,Single Family Residential,2,1,8,33800,"(44.9487355279563, -93.141173308182)",9,7,56,14
245 WINIFRED ST W,06/27/2017 12:00:00 AM,Duplex,2,2,3,37100,"(44.9314951683249, -93.095893722456)",7,5,173,18
711 SIMS AVE,06/21/2017 12:00:00 AM,Duplex,2,6,5,31500,"(44.9694807546782, -93.070487890331)",13,1,189,59
1119 RAYMOND AVE UNIT 2,06/07/2017 12:00:00 AM,Multi-family Residential,2,4,12,30100,"(44.9756318237363, -93.192881847188)",1,4,4,74
1696 BOHLAND AVE,06/06/2017 12:00:00 AM,Single Family Residential,2,3,15,37500,"(44.9159511362801, -93.171887772736)",6,6,24,5
1542 CLEAR AVE,05/24/2017 12:00:00 AM,Single Family Residential,1,6,2,30704,"(44.9818798032195, -93.035240601333)",14,1,137,73
326 IRVINE AVE,05/11/2017 12:00:00 AM,Single Family Residential,2,2,17,35800,"(44.9426130698522, -93.112542414904)",12,5,96,27
1669 NEBRASKA AVE E,04/21/2017 12:00:00 AM,Single Family Residential,2,6,2,30703,"(44.9867093984198, -93.0296851883)",14,1,136,82
171 GRANITE ST,04/19/2017 12:00:00 AM,Single Family Residential,2,5,6,31400,"(44.9662623324112, -93.093210274011)",3,3,179,62
1514 VAN BUREN AVE,04/18/2017 12:00:00 AM,Single Family Residential,2,4,11,32100,"(44.9618185461093, -93.16455474016)",4,4,34,57
692 4TH ST E,04/12/2017 12:00:00 AM,Duplex,1,7,4,34400,"(44.9557786327799, -93.070255011143)",15,2,188,36
1277 RICE ST,04/10/2017 12:00:00 AM,Single Family Residential,2,5,6,30800,"(44.9796607292, -93.106096632452)",3,3,158,69
173 COOK AVE E,04/05/2017 12:00:00 AM,Single Family Residential,2,5,6,31400,"(44.9730077100372, -93.093307017542)",3,3,180,62
1545 ETNA ST,04/04/2017 12:00:00 AM,Single Family Residential,2,6,2,30703,"(44.9879425677027, -93.042050909822)",14,1,132,82
2531 EDGCUMBE ROAD,04/04/2017 12:00:00 AM,Single Family Residential,2,3,15,37601,"(44.903757891818, -93.17750875294)",6,6,13,2
935 IGLEHART AVE,03/23/2017 12:00:00 AM,Single Family Residential,2,1,8,33800,"(44.9495735044519, -93.139689091031)",9,7,56,14
925 COOK AVE E,03/17/2017 12:00:00 AM,Single Family Residential,2,6,5,31600,"(44.9731337892439, -93.061551529346)",13,1,194,65
995 ROSE AVE E,03/07/2017 12:00:00 AM,Single Family Residential,1,6,5,31100,"(44.9767474913749, -93.058508718123)",13,1,194,72
1114 JACKSON ST,03/03/2017 12:00:00 AM,Single Family Residential,2,5,6,30500,"(44.9748504435984, -93.096241935667)",3,3,180,75
1021 MINNEHAHA AVE E,03/02/2017 12:00:00 AM,Single Family Residential,2,7,4,31701,"(44.9631494388722, -93.05744398558)",15,2,195,58
1639 TAYLOR AVE,03/01/2017 12:00:00 AM,Single Family Residential,2,4,11,32100,"(44.9678092959768, -93.169549998918)",4,4,17,57
737 ALDINE ST,02/14/2017 12:00:00 AM,Single Family Residential,2,4,11,32000,"(44.9633938141284, -93.172329210164)",4,4,17,55
970 REANEY AVE,02/10/2017 12:00:00 AM,Single Family Residential,2,7,4,31701,"(44.9637030344506, -93.059595115415)",15,2,195,58
1560 CANFIELD AVE,02/09/2017 12:00:00 AM,Single Family Residential,2,4,10,30201,"(44.9799026538055, -93.166092114633)",2,4,37,77
657 SHERBURNE AVE,01/31/2017 12:00:00 AM,Single Family Residential,2,1,7,32500,"(44.9567667888417, -93.127959127693)",10,7,67,47
1829 UNIVERSITY AVE W,01/20/2017 12:00:00 AM,Commercial,1,4,11,31900,"(44.9563934090285, -93.177663056261)",4,4,6,61
253 AVON ST N,01/19/2017 12:00:00 AM,Single Family Residential,2,1,8,33800,"(44.9490930870041, -93.133359006602)",9,7,66,14
2068 AMES AVE,01/12/2017 12:00:00 AM,Single Family Residential,2,6,2,31802,"(44.9720846477484, -93.013194006594)",14,1,152,66
1355 PAYNE AVE,01/06/2017 12:00:00 AM,Single Family Residential,2,6,5,30602,"(44.9821658229599, -93.073798147768)",13,1,165,81
242 CONGRESS ST E,01/04/2017 12:00:00 AM,Single Family Residential,2,2,3,36100,"(44.9312939984406, -93.073621919666)",7,5,80,20
854 EDMUND AVE,12/29/2016 12:00:00 AM,Duplex,2,1,7,32500,"(44.9582682758141, -93.13620392729)",10,7,67,47
1691 ROSE AVE E,12/23/2016 12:00:00 AM,Single Family Residential,1,6,2,31801,"(44.9767989021237, -93.029098057329)",14,1,138,63
786 ORANGE AVE E,12/23/2016 12:00:00 AM,Single Family Residential,2,6,5,31000,"(44.979161246417, -93.067265917445)",13,1,165,70
742 EUCLID ST,12/22/2016 12:00:00 AM,Single Family Residential,2,7,4,34400,"(44.9546319417015, -93.06502320688)",15,2,187,36
1049 EDGERTON ST,12/08/2016 12:00:00 AM,Single Family Residential,3,5,5,30900,"(44.9727791045954, -93.076291804879)",13,3,185,68
871 STICKNEY ST,12/07/2016 12:00:00 AM,Single Family Residential,1,2,3,37200,"(44.9197084073921, -93.063342746824)",7,5,122,9
1786 HAWTHORNE AVE E,12/01/2016 12:00:00 AM,Single Family Residential,2,6,2,30702,"(44.9782593026425, -93.024901950232)",14,1,149,80
1667 AMES AVE,12/01/2016 12:00:00 AM,Multi-family Residential,1,6,2,31702,"(44.974006919166, -93.029734865027)",14,1,138,67
971 ARCADE ST,11/29/2016 12:00:00 AM,Commercial,1,6,5,31000,"(44.9707020123243, -93.06624146421)",13,1,190,70
575 MCKNIGHT ROAD S,11/15/2016 12:00:00 AM,Single Family Residential,2,7,1,37403,"(44.9240465660654, -93.005619901369)",16,2,102,11
1013 JAMESON ST,11/02/2016 12:00:00 AM,Duplex,2,5,10,31200,"(44.9716912237558, -93.132560013751)",2,3,69,64
193 ROBERT ST S,10/31/2016 12:00:00 AM,Commercial,2,2,3,37100,"(44.9387885584121, -93.083253355426)",7,5,77,18
730 DESOTO ST,10/25/2016 12:00:00 AM,Duplex,2,5,5,31500,"(44.9632709281687, -93.080956066182)",13,3,186,59
556 MINNEHAHA AVE E,10/21/2016 12:00:00 AM,Duplex,2,5,5,33000,"(44.9628071332887, -93.076943624793)",13,3,75,50
529 BAY ST,10/17/2016 12:00:00 AM,Single Family Residential,2,2,9,36800,"(44.9254038576314, -93.131006205251)",11,5,61,15
173 ROBERT ST S,10/13/2016 12:00:00 AM,Commercial,2,2,3,37100,"(44.9390946720354, -93.083722316773)",7,5,77,18
249 4TH ST E,10/13/2016 12:00:00 AM,Commercial,2,2,17,34201,"(44.9487456956542, -93.085933397554)",12,5,82,32
731 VAN BUREN AVE,10/10/2016 12:00:00 AM,Single Family Residential,2,1,7,32400,"(44.9621933344142, -93.13096997394)",10,7,67,56
678 SNELLING AVE N,10/05/2016 12:00:00 AM,Commercial,2,4,11,32100,"(44.9615392139525, -93.166821770789)",4,4,34,57
1372 VICTORIA ST N,09/28/2016 12:00:00 AM,Single Family Residential,2,5,10,30300,"(44.9824774220693, -93.136130264305)",2,3,70,76
888 PRIOR AVE N,09/23/2016 12:00:00 AM,Commercial,3,4,11,32000,"(44.9677513888612, -93.182113057719)",4,4,5,55
886 WILSON AVE,09/22/2016 12:00:00 AM,Single Family Residential,2,7,4,34500,"(44.9539229496293, -93.063043082439)",15,2,197,42
192 WINIFRED ST W,09/13/2016 12:00:00 AM,Single Family Residential,2,2,3,37100,"(44.9312192402666, -93.093901879728)",7,5,173,18
486 VICTORIA ST S,09/13/2016 12:00:00 AM,Single Family Residential,2,2,9,36800,"(44.9266917146324, -93.13628947994)",11,5,61,15
1179 HUBBARD AVE,09/12/2016 12:00:00 AM,Duplex,2,4,11,32300,"(44.9658510798586, -93.149968937079)",4,4,48,54
899 TUSCARORA AVE,09/07/2016 12:00:00 AM,Single Family Residential,2,2,9,36700,"(44.9233996194772, -93.138046648006)",11,5,59,6
615 MARYLAND AVE E,09/02/2016 12:00:00 AM,Duplex,2,6,5,31000,"(44.9775717860732, -93.074572335388)",13,1,165,70
1536 VAN BUREN AVE,08/31/2016 12:00:00 AM,Duplex,3,4,11,32100,"(44.9618121267286, -93.165528327647)",4,4,34,57
730 TRANSFER ROAD,08/19/2016 12:00:00 AM,Commercial,1,4,11,31900,"(44.963054049453, -93.184811344643)",4,4,5,61
360 FULLER AVE,08/16/2016 12:00:00 AM,Multi-family Residential,2,1,8,33700,"(44.9537992805497, -93.115330104686)",9,7,97,39
439 HERSCHEL ST,08/10/2016 12:00:00 AM,Single Family Residential,2,4,13,33200,"(44.9545175138108, -93.173568240998)",17,4,19,48
831 SMITH AVE S,08/05/2016 12:00:00 AM,Single Family Residential,2,2,3,37000,"(44.9210500857991, -93.102014585113)",7,5,171,7
1825 UNIVERSITY AVE W,08/04/2016 12:00:00 AM,Commercial,2,4,11,31900,"(44.9563537867701, -93.177506218595)",4,4,6,61
999 5TH ST E,07/28/2016 12:00:00 AM,Single Family Residential,2,7,4,34500,"(44.9596017267739, -93.058197515031)",15,2,196,42
225 WINIFRED ST W,07/11/2016 12:00:00 AM,Single Family Residential,2,2,3,37100,"(44.9314925264471, -93.095120344388)",7,5,173,18
24 SUSAN AVE,07/08/2016 12:00:00 AM,Single Family Residential,2,3,15,37601,"(44.9078519224786, -93.182712343602)",6,6,13,2
630 OHIO ST,07/06/2016 12:00:00 AM,Single Family Residential,2,2,3,37100,"(44.9270359733018, -93.09753066087)",7,5,173,18
1266 7TH ST E,06/28/2016 12:00:00 AM,Single Family Residential,2,6,4,31701,"(44.9665885483259, -93.047160590486)",15,1,128,58
651 ARCADE ST,06/22/2016 12:00:00 AM,Commercial,2,7,4,33100,"(44.9609585879694, -93.066104646256)",15,2,188,52
95 JESSAMINE AVE W,06/17/2016 12:00:00 AM,Single Family Residential,2,5,6,30500,"(44.9748046890353, -93.10408787826)",3,3,162,75
1681 LOUISE AVE,06/16/2016 12:00:00 AM,Single Family Residential,1,7,1,37402,"(44.9467230727852, -93.029332556106)",16,2,142,30
32 BENHILL ROAD,06/08/2016 12:00:00 AM,Single Family Residential,2,2,16,36700,"(44.932364346808, -93.141353931392)",8,5,105,6
95 LITCHFIELD ST,06/08/2016 12:00:00 AM,Single Family Residential,2,1,6,31400,"(44.9696099310301, -93.104054766876)",3,7,163,62
869 5TH ST E,06/02/2016 12:00:00 AM,Commercial,1,7,4,33100,"(44.9595428029335, -93.063970981027)",15,2,196,52
974 ARCADE ST,05/27/2016 12:00:00 AM,Commercial,2,6,5,31600,"(44.9706667831822, -93.06560993267)",13,1,194,65
345 GOODRICH AVE,05/18/2016 12:00:00 AM,Single Family Residential,2,2,9,35900,"(44.9379837950757, -93.114662110581)",11,5,94,26
804 AGATE ST,05/11/2016 12:00:00 AM,Single Family Residential,2,5,6,31400,"(44.965380875936, -93.093842984085)",3,3,179,62
888 MARYLAND AVE E,05/06/2016 12:00:00 AM,Commercial,3,6,5,31100,"(44.9772640833983, -93.063028542702)",13,1,194,72
1179 7TH ST E,04/25/2016 12:00:00 AM,Commercial,2,6,4,31701,"(44.9667801906707, -93.050557533463)",15,1,128,58
346 SHERBURNE AVE,04/25/2016 12:00:00 AM,Single Family Residential,2,1,7,32700,"(44.9565542969203, -93.114620088951)",10,7,98,49
1596 HOYT AVE E,04/21/2016 12:00:00 AM,Single Family Residential,1,6,2,30703,"(44.988194857534, -93.033061523792)",14,1,136,82
1073 BEECH ST,04/19/2016 12:00:00 AM,Single Family Residential,2,7,4,31701,"(44.9622804503574, -93.055251193195)",15,2,127,58
632 LEXINGTON PKWY N,04/14/2016 12:00:00 AM,Duplex,2,1,7,32400,"(44.9604015217443, -93.146266512187)",10,7,55,56
865 ATLANTIC ST,03/11/2016 12:00:00 AM,Commercial,1,6,4,31701,"(44.9673509664395, -93.048437498735)",15,1,128,58
1136 LAFOND AVE,02/11/2016 12:00:00 AM,Single Family Residential,2,4,11,32300,"(44.9601204269163, -93.148171484689)",4,4,47,54
975 REANEY AVE,02/11/2016 12:00:00 AM,Multi-family Residential,2,7,4,31701,"(44.9640965675654, -93.059400901138)",15,2,195,58
955 BRADLEY ST,02/05/2016 12:00:00 AM,Single Family Residential,2,5,5,31500,"(44.9699361081084, -93.078787427996)",13,3,186,59
2059 IDAHO AVE E,01/29/2016 12:00:00 AM,Single Family Residential,3,6,2,30702,"(44.9903162937572, -93.013437701269)",14,1,150,80
819 BUFFALO ST,01/05/2016 12:00:00 AM,Single Family Residential,1,5,6,31400,"(44.9658008407486, -93.093367421132)",3,3,179,62
308 LAWSON AVE W,01/05/2016 12:00:00 AM,Single Family Residential,2,5,6,30800,"(44.9719220647333, -93.113050730013)",3,3,157,69
485 BLAIR AVE,12/04/2015 12:00:00 AM,Single Family Residential,2,1,7,32600,"(44.9613042611002, -93.120660879198)",10,7,85,51
975 HUDSON ROAD,11/19/2015 12:00:00 AM,Single Family Residential,2,7,4,34500,"(44.9523724904879, -93.059254060336)",15,2,197,42
1957 WARBLER LANE,11/17/2015 12:00:00 AM,Single Family Residential,2,7,1,37402,"(44.9465584195937, -93.017665487565)",16,2,143,30
31 WINTER ST,11/12/2015 12:00:00 AM,Single Family Residential,2,1,7,42800,"(44.9599727288419, -93.100784831343)",10,7,164,45
915 CENTRAL AVE W APT 1,10/21/2015 12:00:00 AM,Single Family Residential,2,1,8,33500,"(44.9531765288025, -93.138653515584)",9,7,56,40
2203 GLENRIDGE AVE,10/02/2015 12:00:00 AM,Duplex,2,7,1,37403,"(44.9362191237973, -93.007456886017)",16,2,100,11
830 UNIVERSITY AVE W,09/30/2015 12:00:00 AM,Duplex,3,1,8,33500,"(44.9554788039299, -93.135247069355)",9,7,66,40
1706 MINNEHAHA AVE E,09/23/2015 12:00:00 AM,Single Family Residential,2,7,1,34701,"(44.9629163401036, -93.028520076946)",16,2,140,43
979 4TH ST E,09/17/2015 12:00:00 AM,Single Family Residential,2,7,4,34500,"(44.9586755200864, -93.05922681194)",15,2,196,42
458 BLAIR AVE,09/11/2015 12:00:00 AM,Duplex,2,1,7,32600,"(44.9610144575565, -93.119417436842)",10,7,85,51
1033 GALTIER ST,09/10/2015 12:00:00 AM,Duplex,2,5,6,30800,"(44.9725271566272, -93.111304571778)",3,3,157,69
901 YORK AVE,08/21/2015 12:00:00 AM,Single Family Residential,2,6,5,31600,"(44.9686116606823, -93.062284853212)",13,1,195,65
1040 SELBY AVE,08/18/2015 12:00:00 AM,Commercial,2,1,8,42900,"(44.9464844660218, -93.144238029059)",9,7,57,28
847 HAWTHORNE AVE E,08/12/2015 12:00:00 AM,Single Family Residential,2,6,5,31100,"(44.9785876538404, -93.064697089757)",13,1,131,72
871 JESSAMINE AVE E,06/12/2015 12:00:00 AM,Single Family Residential,3,6,5,31100,"(44.9749607697485, -93.063866152952)",13,1,194,72
837 4TH ST E,05/06/2015 12:00:00 AM,Single Family Residential,2,7,4,34500,"(44.9585197320109, -93.065303515045)",15,2,196,42
1549 MINNEHAHA AVE W,05/06/2015 12:00:00 AM,Duplex,2,4,11,32100,"(44.9630452959007, -93.165902301722)",4,4,35,57
1080 UNIVERSITY AVE W,04/30/2015 12:00:00 AM,Commercial,2,1,8,33500,"(44.9555430243863, -93.145472970154)",9,7,56,40
882 HATCH AVE,03/30/2015 12:00:00 AM,Single Family Residential,2,5,10,31200,"(44.9710887606119, -93.137419097933)",2,3,53,64
1672 BUSH AVE,03/27/2015 12:00:00 AM,Single Family Residential,2,7,2,31801,"(44.964784734486, -93.029724967995)",14,2,139,63
1152 BUSH AVE,03/03/2015 12:00:00 AM,Duplex,2,7,4,31701,"(44.9647575388738, -93.051997339074)",15,2,128,58
1841 UNIVERSITY AVE W,03/03/2015 12:00:00 AM,Commercial,2,4,11,31900,"(44.9563629358308, -93.178083075352)",4,4,6,61
1871 NEBRASKA AVE E,01/22/2015 12:00:00 AM,Single Family Residential,2,6,2,30702,"(44.9866895034359, -93.021410275043)",14,1,148,80
893 HUDSON ROAD,01/13/2015 12:00:00 AM,Duplex,2,7,4,34400,"(44.9524100760995, -93.063032066732)",15,2,197,36
412 GOODRICH AVE,12/31/2014 12:00:00 AM,Single Family Residential,3,2,9,36900,"(44.9375919522291, -93.117385425454)",11,5,89,16
1976 FAIRMOUNT AVE,11/06/2014 12:00:00 AM,Single Family Residential,2,4,14,34900,"(44.9368472663119, -93.183859868173)",5,4,9,25
1845 UNIVERSITY AVE W,10/28/2014 12:00:00 AM,Commercial,2,4,11,31900,"(44.9564249752217, -93.178233516161)",4,4,6,61
1509 MARSHALL AVE,10/20/2014 12:00:00 AM,Commercial,2,1,13,33400,"(44.9486078712927, -93.163870718583)",17,7,33,37
1936 WORCESTER AVE,10/08/2014 12:00:00 AM,Single Family Residential,2,3,15,37601,"(44.9037203267301, -93.182077786375)",6,6,13,2
955 JUNO AVE,10/02/2014 12:00:00 AM,Single Family Residential,2,2,9,36700,"(44.9260628309116, -93.140561448284)",11,5,59,6
1336 DAYTON AVE,10/02/2014 12:00:00 AM,Duplex,2,1,13,35300,"(44.947313011053, -93.156577710481)",17,7,45,4
1457 3RD ST E,10/01/2014 12:00:00 AM,Single Family Residential,2,7,1,34602,"(44.956970942974, -93.038835961878)",16,2,135,46
1725 BEECH ST,09/24/2014 12:00:00 AM,Single Family Residential,2,7,1,34701,"(44.9623507155606, -93.027511831446)",16,2,140,43
1286 SHERBURNE AVE,09/09/2014 12:00:00 AM,Single Family Residential,2,4,11,32300,"(44.9564636138215, -93.154628712595)",4,4,47,54
733 FAIRVIEW AVE N,09/04/2014 12:00:00 AM,Single Family Residential,2,4,11,32000,"(44.9632697156242, -93.177406372489)",4,4,5,55
610 ST ALBANS ST N,09/04/2014 12:00:00 AM,Single Family Residential,3,1,7,32500,"(44.9596694892376, -93.1287528175)",10,7,67,47
962 ARCADE ST,09/04/2014 12:00:00 AM,Mixed Use,2,6,5,31600,"(44.970419545735, -93.065800888889)",13,1,194,65
931 SHERBURNE AVE,08/21/2014 12:00:00 AM,Duplex,3,1,7,32500,"(44.9567778799777, -93.139577899027)",10,7,55,47
827 VAN BUREN AVE,08/19/2014 12:00:00 AM,Duplex,2,1,7,32400,"(44.9621987711052, -93.135100216765)",10,7,67,56
1203 DAVERN ST,08/13/2014 12:00:00 AM,Single Family Residential,3,3,15,37500,"(44.9051318297611, -93.17240409773)",6,6,25,5
999 PAYNE AVE,08/13/2014 12:00:00 AM,Commercial,2,6,5,31000,"(44.9714075588693, -93.073666459329)",13,1,190,70
118 MANITOBA AVE,08/12/2014 12:00:00 AM,Duplex,2,1,6,31400,"(44.9682094300939, -93.104977639406)",3,7,163,62
740 TATUM ST,07/14/2014 12:00:00 AM,Single Family Residential,2,4,11,32000,"(44.9634371058007, -93.179632200506)",4,4,5,55
959 HUDSON ROAD,06/25/2014 12:00:00 AM,Duplex,2,7,4,34500,"(44.952390768116, -93.059858025204)",15,2,197,42
670 SIMS AVE,06/24/2014 12:00:00 AM,Single Family Residential,2,6,5,31500,"(44.9692231498019, -93.072254870008)",13,1,189,59
330 9TH ST E,06/18/2014 12:00:00 AM,Multi-family Residential,2,2,4,33000,"(44.9533767925644, -93.087161835249)",15,5,177,50
786 WHEELOCK PKWY E,05/09/2014 12:00:00 AM,Single Family Residential,2,6,5,30602,"(44.9844834884657, -93.067286499628)",13,1,165,81
1355 CHARLES AVE,04/15/2014 12:00:00 AM,Single Family Residential,2,4,11,32200,"(44.9576531332881, -93.157499995119)",4,4,34,53
1897 LACROSSE AVE,02/20/2014 12:00:00 AM,Multi-family Residential,2,6,2,31801,"(44.9714479337546, -93.020490168028)",14,1,147,63
985 WOODBRIDGE ST,02/05/2014 12:00:00 AM,Single Family Residential,2,5,6,31300,"(44.9709393675714, -93.108681140634)",3,3,157,60
1940 REANEY AVE,01/24/2014 12:00:00 AM,Single Family Residential,2,7,2,31802,"(44.9643609216913, -93.017825481339)",14,2,146,66
677 PIERCE BUTLER ROUTE,01/23/2014 12:00:00 AM,Commercial,2,1,7,32400,"(44.9651425346894, -93.128701128722)",10,7,68,56
117 UNIVERSITY AVE W,12/20/2013 12:00:00 AM,Commercial,2,1,7,42800,"(44.9561374633699, -93.104985994918)",10,7,164,45
1628 DARLENE ST,11/05/2013 12:00:00 AM,Single Family Residential,2,6,2,30702,"(44.9904672320544, -93.018629181738)",14,1,148,80
1722 ARLINGTON AVE E,10/31/2013 12:00:00 AM,Single Family Residential,2,6,2,30704,"(44.9845448981972, -93.027582593717)",14,1,137,73
904 CHARLOTTE ST,10/23/2013 12:00:00 AM,Single Family Residential,2,4,11,32100,"(44.9683098218033, -93.170281187652)",4,4,17,57
39 HILLTOP LANE,10/15/2013 12:00:00 AM,Single Family Residential,1,3,15,37500,"(44.9078330856254, -93.175566849169)",6,6,25,5
1758 STILLWATER AVE,10/04/2013 12:00:00 AM,Single Family Residential,2,6,2,31801,"(44.9675126502182, -93.026246163187)",14,1,139,63
701 SURREY AVE,10/03/2013 12:00:00 AM,Duplex,2,7,4,34400,"(44.9544001399042, -93.067977378224)",15,2,187,36
1784 NORFOLK AVE,09/24/2013 12:00:00 AM,Single Family Residential,2,3,15,37602,"(44.8978447837144, -93.175742958836)",6,6,15,1
412 HOLLY AVE,09/05/2013 12:00:00 AM,Single Family Residential,3,1,8,35800,"(44.9432632729516, -93.117486030537)",9,7,87,27
292 STURGIS ST,08/06/2013 12:00:00 AM,Single Family Residential,2,2,9,35900,"(44.9385633995906, -93.112416686882)",11,5,94,26
914 UNIVERSITY AVE W,08/06/2013 12:00:00 AM,Commercial,2,1,8,33500,"(44.9555273230037, -93.13869964964)",9,7,56,40
1004 THOMAS AVE,06/18/2013 12:00:00 AM,Duplex,2,1,7,32500,"(44.9592056861485, -93.14257857551)",10,7,55,47
282 WYOMING ST E,05/31/2013 12:00:00 AM,Single Family Residential,2,2,3,37200,"(44.9202145745649, -93.073627619679)",7,5,79,9
461 HOLLY AVE UNIT 1,03/26/2013 12:00:00 AM,Multi-family Residential,2,1,8,35500,"(44.9437189996695, -93.119586661253)",9,7,87,31
574 SHERBURNE AVE,03/18/2013 12:00:00 AM,Duplex,2,1,7,32600,"(44.9565189905473, -93.124424027256)",10,7,85,51
46 DELOS ST W,03/14/2013 12:00:00 AM,Single Family Residential,2,2,3,37100,"(44.9336344712317, -93.087377121305)",7,5,78,18
906 THOMAS AVE,02/26/2013 12:00:00 AM,Single Family Residential,2,1,7,32500,"(44.9591850392662, -93.138470483198)",10,7,55,47
661 DALE ST N,02/26/2013 12:00:00 AM,Mixed Use,2,1,7,32400,"(44.9612698556442, -93.126542716831)",10,7,67,56
27 EMPIRE DRIVE,02/04/2013 12:00:00 AM,Commercial,3,1,7,42800,"(44.9629011104184, -93.100513805218)",10,7,164,45
0 KELLOGG BLVD E,01/11/2013 12:00:00 AM,Commercial,2,2,4,34400,"(44.9512107879154, -93.076419552677)",15,5,187,36
943 DESOTO ST,12/28/2012 12:00:00 AM,Single Family Residential,2,5,5,31500,"(44.9695789081844, -93.081369402101)",13,3,186,59
578 SARATOGA ST S,12/21/2012 12:00:00 AM,Single Family Residential,1,3,15,36500,"(44.9241029438189, -93.164255110894)",6,6,29,12
497 HOPKINS ST,12/18/2012 12:00:00 AM,Duplex,2,5,5,33000,"(44.9584477968459, -93.079233184341)",13,3,75,50
706 CONWAY ST,11/27/2012 12:00:00 AM,Duplex,2,7,4,34400,"(44.9548279541029, -93.068257882714)",15,2,187,36
167 SHERBURNE AVE,11/20/2012 12:00:00 AM,Single Family Residential,2,1,7,32700,"(44.956824271032, -93.107155388492)",10,7,98,49
1880 AMES AVE,11/16/2012 12:00:00 AM,Duplex,2,6,2,31801,"(44.9719323739946, -93.021016034548)",14,1,147,63
1915 IVY AVE E,10/16/2012 12:00:00 AM,Single Family Residential,2,6,2,30702,"(44.9812628322084, -93.019428563332)",14,1,149,80
318 EDMUND AVE,10/04/2012 12:00:00 AM,Single Family Residential,2,1,7,32700,"(44.9583021910351, -93.113619948362)",10,7,98,49
118 DOUGLAS ST,09/24/2012 12:00:00 AM,Single Family Residential,2,2,9,36000,"(44.9379785117523, -93.110834588928)",11,5,94,17
661 WESTERN AVE N,09/18/2012 12:00:00 AM,Mixed Use,2,1,7,32600,"(44.9613161570007, -93.116270826076)",10,7,85,51
530 GERANIUM AVE E,08/31/2012 12:00:00 AM,Single Family Residential,3,5,5,30900,"(44.9754561440848, -93.078055191659)",13,3,185,68
694 SNELLING AVE N,08/20/2012 12:00:00 AM,Commercial,3,4,11,32100,"(44.962152782752, -93.166829667551)",4,4,34,57
1281 SHERBURNE AVE,08/08/2012 12:00:00 AM,Duplex,2,4,11,32300,"(44.9567891852065, -93.1544502675)",4,4,47,54
1554 MIDWAY PKWY,08/07/2012 12:00:00 AM,Commercial,2,4,10,30201,"(44.9805436994602, -93.165399271935)",2,4,37,77
694 SHERBURNE AVE,08/06/2012 12:00:00 AM,Duplex,2,1,7,32500,"(44.9564888141343, -93.129578284931)",10,7,67,47
55 FRONT AVE,06/11/2012 12:00:00 AM,Single Family Residential,2,5,6,31400,"(44.9704369923757, -93.102467921813)",3,3,162,62
1785 VAN BUREN AVE,05/15/2012 12:00:00 AM,Single Family Residential,2,4,11,32000,"(44.9620944629126, -93.175837948279)",4,4,18,55
1221 BRADLEY ST,04/03/2012 12:00:00 AM,Single Family Residential,2,5,5,30900,"(44.9781039018594, -93.078811749629)",13,3,184,68
1332 DAYTON AVE,03/12/2012 12:00:00 AM,Single Family Residential,3,1,13,35300,"(44.9473109688166, -93.156418576798)",17,7,45,4
698 DESOTO ST,03/02/2012 12:00:00 AM,Duplex,2,5,5,33000,"(44.9622799146213, -93.08091412851)",13,3,75,50
626 REANEY AVE,01/20/2012 12:00:00 AM,Single Family Residential,2,6,5,31500,"(44.9637949684493, -93.074142965252)",13,1,189,59
989 3RD ST E,11/01/2011 12:00:00 AM,Single Family Residential,2,7,4,34500,"(44.9568544056193, -93.058822503618)",15,2,196,42
2101 KNAPP ST,10/06/2011 12:00:00 AM,Multi-family Residential,2,4,12,30100,"(44.9798351958421, -93.189169849736)",1,4,4,74
823 AURORA AVE,08/03/2011 12:00:00 AM,Duplex,2,1,8,33500,"(44.9549641448596, -93.134943598493)",9,7,66,40
771 IOWA AVE W,07/22/2011 12:00:00 AM,Single Family Residential,2,5,10,30300,"(44.9893138179924, -93.132422358319)",2,3,71,76
1161 NORTON ST,07/05/2011 12:00:00 AM,Duplex,2,5,6,30800,"(44.9761781604964, -93.120231709553)",3,3,74,69
224 GROTTO ST N,05/17/2011 12:00:00 AM,Single Family Residential,2,1,8,33900,"(44.9480276430582, -93.131240092122)",9,7,65,33
1799 YORK AVE,05/02/2011 12:00:00 AM,Single Family Residential,2,6,2,31801,"(44.9689101714472, -93.024301287452)",14,1,146,63
663 3RD ST E,04/26/2011 12:00:00 AM,Multi-family Residential,2,7,4,34400,"(44.9547963325615, -93.071254461297)",15,2,188,36
830 IGLEHART AVE,03/22/2011 12:00:00 AM,Duplex,2,1,8,33800,"(44.949313698681, -93.135383479304)",9,7,66,14
939 CHARLES AVE,03/04/2011 12:00:00 AM,Duplex,2,1,7,32500,"(44.9576812238229, -93.139864224799)",10,7,55,47
853 CONWAY ST,12/30/2010 12:00:00 AM,Single Family Residential,2,7,4,34500,"(44.9559550213419, -93.064417125899)",15,2,197,42
871 PAYNE AVE,12/03/2010 12:00:00 AM,Commercial,1,6,5,31500,"(44.9676609057804, -93.073692465628)",13,1,189,59
842 RICE ST,11/24/2010 12:00:00 AM,Commercial,2,1,6,31400,"(44.9667242249938, -93.105766711692)",3,7,163,62
41 MILLER CREST LANE,09/24/2010 12:00:00 AM,Single Family Residential,2,7,1,37402,"(44.9434416324297, -93.03037775243)",16,2,142,30
1802 ROSS AVE,09/01/2010 12:00:00 AM,Single Family Residential,2,7,2,31801,"(44.9656359771322, -93.024339954073)",14,2,146,63
648 BUSH AVE,08/27/2010 12:00:00 AM,Multi-family Residential,2,6,5,31500,"(44.9646915466745, -93.073082624327)",13,1,189,59
685 MINNEHAHA AVE E,08/11/2010 12:00:00 AM,Commercial,2,6,4,31500,"(44.9631184623483, -93.07212189467)",15,1,189,59
1440 ROBLYN AVE,08/06/2010 12:00:00 AM,Commercial,3,1,13,33400,"(44.9507711310273, -93.161167576743)",17,7,33,37
925 MAGNOLIA AVE E,06/29/2010 12:00:00 AM,Duplex,2,6,5,31100,"(44.9740333715148, -93.061474058685)",13,1,194,72
556 RICE ST,06/23/2010 12:00:00 AM,Commercial,2,1,7,42800,"(44.9581596747293, -93.105778391228)",10,7,164,45
2117 MOHAWK AVE,05/27/2010 12:00:00 AM,Single Family Residential,1,7,2,31802,"(44.9681990248223, -93.01330286802)",14,2,153,66
864 MARION ST,05/14/2010 12:00:00 AM,Duplex,2,1,6,31300,"(44.9672967765593, -93.109578377266)",3,7,156,60
61 JESSAMINE AVE W,05/13/2010 12:00:00 AM,Duplex,2,5,6,30500,"(44.9747957705766, -93.102562582618)",3,3,162,75
749 CHARLES AVE,05/06/2010 12:00:00 AM,Single Family Residential,2,1,7,32500,"(44.9576907548386, -93.131926528578)",10,7,67,47
936 MARSHALL AVE,04/28/2010 12:00:00 AM,Single Family Residential,2,1,8,33800,"(44.9483234233175, -93.139759257745)",9,7,57,14
390 SIMS AVE,04/23/2010 12:00:00 AM,Single Family Residential,2,5,5,33000,"(44.9688760270932, -93.084205923386)",13,3,186,50
735 MARGARET ST,04/23/2010 12:00:00 AM,Multi-family Residential,3,7,4,33100,"(44.9613275264831, -93.069741673463)",15,2,188,52
69 GARFIELD ST,04/05/2010 12:00:00 AM,Single Family Residential,2,2,9,35900,"(44.9392825570445, -93.113729748056)",11,5,94,26
971 JENKS AVE,03/10/2010 12:00:00 AM,Single Family Residential,1,6,5,31600,"(44.9713615591471, -93.059455019617)",13,1,194,65
656 BUSH AVE,03/01/2010 12:00:00 AM,Multi-family Residential,2,6,5,31500,"(44.9646447893736, -93.072829630756)",13,1,189,59
47 DOUGLAS ST,09/16/2009 12:00:00 AM,Single Family Residential,2,2,9,35900,"(44.9399479205555, -93.111205211826)",11,5,94,26
594 REANEY AVE,08/06/2009 12:00:00 AM,Duplex,2,6,5,31500,"(44.9637663273306, -93.075419785081)",13,1,189,59
420 CEDAR ST,06/19/2009 12:00:00 AM,Commercial,2,2,17,34201,"(44.9476634218818, -93.094287594691)",12,5,176,32
1128 MACKUBIN ST,05/05/2009 12:00:00 AM,Duplex,2,5,6,30800,"(44.9753043852058, -93.121042745819)",3,3,74,69
825 UNIVERSITY AVE W,04/20/2009 12:00:00 AM,Commercial,2,1,7,32500,"(44.9559103637928, -93.135104510346)",10,7,67,47
419 FRY ST,03/24/2009 12:00:00 AM,Single Family Residential,2,4,13,33400,"(44.9538574186821, -93.169779474307)",17,4,19,37
718 ORANGE AVE E,03/19/2009 12:00:00 AM,Single Family Residential,3,6,5,31000,"(44.9791438487635, -93.070218714192)",13,1,165,70
1258 RICE ST,02/11/2009 12:00:00 AM,Single Family Residential,2,5,6,30500,"(44.9790842076487, -93.105573100459)",3,3,161,75
767 4TH ST E,01/09/2009 12:00:00 AM,Duplex,2,7,4,34500,"(44.9576793823968, -93.067077030399)",15,2,188,42
364 MAPLE ST,12/24/2008 12:00:00 AM,Single Family Residential,2,7,4,34500,"(44.9582961757991, -93.068559661822)",15,2,188,42
595 PARK ST,11/21/2008 12:00:00 AM,Duplex,2,1,7,42800,"(44.9594038363004, -93.103998121718)",10,7,164,45
879 6TH ST E,11/04/2008 12:00:00 AM,Single Family Residential,2,7,4,33100,"(44.960445226118, -93.063366921991)",15,2,196,52
2022 STILLWATER AVE,10/27/2008 12:00:00 AM,Single Family Residential,2,7,2,31802,"(44.9689239629415, -93.014984784055)",14,2,153,66
187 7TH PLACE E,08/12/2008 12:00:00 AM,Commercial,2,2,17,34202,"(44.9503193081491, -93.09034844588)",12,5,177,35
307 MARYLAND AVE W,08/08/2008 12:00:00 AM,Single Family Residential,2,5,6,30800,"(44.9774903491192, -93.113004137803)",3,3,158,69
536 IOWA AVE E,06/24/2008 12:00:00 AM,Single Family Residential,2,5,5,30601,"(44.9890079722813, -93.078179447571)",13,3,182,78
1313 SEMINARY AVE,06/05/2008 12:00:00 AM,Single Family Residential,2,4,11,32300,"(44.964887859907, -93.155729237183)",4,4,48,54
474 CURTICE ST E,03/29/2008 12:00:00 AM,Single Family Residential,2,2,3,37200,"(44.922858156184, -93.065684649435)",7,5,122,9
1020 CARROLL AVE,03/12/2008 12:00:00 AM,Single Family Residential,2,1,8,33800,"(44.9501237852992, -93.143211146533)",9,7,56,14
50 FILLMORE AVE E,02/26/2008 12:00:00 AM,Commercial,2,2,3,37100,"(44.9402142051823, -93.087190229936)",7,5,77,18
822 VAN BUREN AVE,11/28/2007 12:00:00 AM,Duplex,2,1,7,32400,"(44.9619119910923, -93.134933765412)",10,7,67,56
575 PARK ST,11/13/2007 12:00:00 AM,Single Family Residential,2,1,7,42800,"(44.9586747280584, -93.103947956943)",10,7,164,45
383 KING ST W,08/23/2007 12:00:00 AM,Multi-family Residential,2,2,3,37000,"(44.9276700931864, -93.101494275484)",7,5,173,7
1626 ENGLEWOOD AVE,08/16/2007 12:00:00 AM,Multi-family Residential,2,4,11,32100,"(44.9638769363282, -93.169092882767)",4,4,17,57
1093 4TH ST E,07/20/2007 12:00:00 AM,Single Family Residential,2,7,4,34601,"(44.9588922296321, -93.054222636951)",15,2,127,38
287 AVON ST N,07/17/2007 12:00:00 AM,Duplex,2,1,8,33800,"(44.9499427190014, -93.133377183057)",9,7,66,14
1904 PRINCETON AVE,07/12/2007 12:00:00 AM,Single Family Residential,2,3,14,35100,"(44.9359488142281, -93.180806842931)",5,6,9,23
55 MANITOBA AVE,06/01/2007 12:00:00 AM,Duplex,2,1,6,31400,"(44.9684623676033, -93.102159162621)",3,7,163,62
889 AGATE ST,06/01/2007 12:00:00 AM,Multi-family Residential,2,5,6,31400,"(44.9680024783713, -93.094394887809)",3,3,179,62
380 RANDOLPH AVE,11/21/2006 12:00:00 AM,Commercial,2,2,9,36000,"(44.9267151217236, -93.115915507578)",11,5,93,17
811 4TH ST E,10/30/2006 12:00:00 AM,Single Family Residential,2,7,4,34500,"(44.9582234042631, -93.065896402543)",15,2,188,42
667 OHIO ST,05/26/2006 12:00:00 AM,Single Family Residential,3,2,3,37000,"(44.9259319976014, -93.09792304371)",7,5,172,7
716 WILSON AVE,10/27/2005 12:00:00 AM,Single Family Residential,2,7,4,34400,"(44.9532960197741, -93.065479888955)",15,2,187,36
587 COOK AVE E,10/14/2005 12:00:00 AM,Duplex,2,6,5,31000,"(44.9730483353299, -93.075612188328)",13,1,190,70
680 MINNEHAHA AVE E BLDG 3,07/21/2005 12:00:00 AM,Multi-family Residential,2,,,,,,,,
650 AURORA AVE,01/07/2005 12:00:00 AM,Single Family Residential,3,1,8,33500,"(44.9546496376062, -93.127617153693)",9,7,66,40
1023 JESSIE ST,12/09/2004 12:00:00 AM,Duplex,2,5,5,30900,"(44.9721671763833, -93.077540568301)",13,3,185,68
2075 SCUDDER ST,08/05/2004 12:00:00 AM,Single Family Residential,2,4,12,30100,"(44.9787618089353, -93.187845430646)",1,4,4,74
1253 CLEVELAND AVE N,08/05/2004 12:00:00 AM,Single Family Residential,2,4,12,30100,"(44.9787614519552, -93.187637097678)",1,4,4,74
1508 COMO AVE,07/29/2003 12:00:00 AM,Duplex,2,4,10,30201,"(44.977126870947, -93.16385765382)",2,4,36,77
2062 COMO AVE,11/09/2001 12:00:00 AM,Single Family Residential,2,4,12,30100,"(44.9769023417819, -93.187439957598)",1,4,3,74
1308 VICTORIA ST N,10/30/2001 12:00:00 AM,Single Family Residential,2,5,10,30300,"(44.9806018151037, -93.135131625969)",2,3,70,76
466 LAUREL AVE,05/03/2000 12:00:00 AM,Single Family Residential,3,1,8,35500,"(44.9452343913786, -93.119869319232)",9,7,87,31
847 HUDSON ROAD,08/10/1999 12:00:00 AM,Commercial,3,7,4,34400,"(44.9523831474725, -93.064815258985)",15,2,197,36
395 MICHIGAN ST,05/15/1996 12:00:00 AM,Single Family Residential,3,2,9,36900,"(44.9352600297476, -93.116709238712)",11,5,89,16
365 MICHIGAN ST,07/12/1995 12:00:00 AM,Single Family Residential,2,2,9,36000,"(44.9349513001028, -93.115288168328)",11,5,94,17
