Ward,Precinct,Reg_Vote_10/1/19,Reg_Vote_11/7/19,VoterReg_Election,Tot_Early/Absentee_Vote,Early/Abs_Vote%,Total_Vote,LastCouncil_Vote%,Tot_Vote%,Vote_Diff%,1st_Undervote,Total_Ballot,1st_Undervote%,2nd_Undervote,2nd_Undervote%,2nd_Raw_Undervote,2nd_Cond_Undervote%,3rd_Undervote,3rd_Undervote%,3rd_Raw_Undervote,3rd_Cond_Undervote%,Cand_1st_Vote,Winner_Vote%,Cand_1st_2ndVote,Cand_1st_Cond_2ndVote%,Cand_1st_3rdVote,Cand_1st_Cond_3rdVote%,Cand_1st_Cond_3rdVote_Surplus,Cand_1st_4thVote,Cand_1st_5thVote,Cand_1st_LastVote,Cand_1st_LastVote%,Cand_1st_TotalRankedVotes,Cand_1st_RankedSurplus,Cand_1st_RankedSurplus%,Weight1,Weight2_Total,Weight2,Weight3_Total,Weight3,Cand_1st_WeightTotal_3rdRankSurplus,Cand_2nd_Vote,Cand_2nd_Vote%,Cand_2nd_2ndVote,Cand_2nd_Cond_2ndVote%,Cand_2nd_3rdVote,Cand_2nd_Cond_3rdVote%,Cand_2nd_LastVote,Cand_2nd_LastVote%,Cand_3rd_Vote,Cand_3rd_Vote%,Cand_3rd_2ndVote,Cand_3rd_Cond_2ndVote%,Cand_3rd_3rdVote,Cand_3rd_Cond_3rdVote%,Cand_3rd_LastVote,Cand_3rd_LastVote%,Cand_4th_Vote,Cand_4th_Vote%,Cand_4th_2ndVote,Cand_4th_Cond_2ndVote%,Cand_4th_3rdVote,Cand_4th_Cond_3rdVote%,Cand_4th_LastVote,Cand_4th_LastVote%,Cand_5th_Vote,Cand_5th_Vote%,Cand_5th_2ndVote,Cand_5th_Cond_2ndVote%,Cand_5th_3rdVote,Cand_5th_Cond_3rdVote%,Cand_5th_LastVote,Cand_5th_LastVote%,Cand_6th_Vote,Cand_6th_Vote%,Cand_6th_2ndVote,Cand_6th_Cond_2ndVote%,Cand_6th_3rdVote,Cand_6th_Cond_3rdVote%,Cand_6th_LastVote,Cand_6th_LastVote%,SchoolBoard_Vote,SchoolBoard_Vote%,SchoolBoard_UnderVote,SchoolBoard_RawVote%,Min_DFL(endorse),DFL_Vote%,Trash_Yes,Trash_No,Trash_Total,Trash_No%,NO_Cand1st_Vote ,No_Cand_Align,YES_Cand1st_Vote ,Yes_Cand_Align,Trash_Vote_Diff,Trash_UnderVote,Trash_UnderVote%
1,Saint Paul W-1 P-1,1170,1193,23,39,6.85,569,24.78,47.69,22.91,22,591,3.72,140,23.69,118,20.74,281,47.55,141,31.26,228,40.07,107,31.38,96,41.03,138,43,0,22,9.65,496,73,12.83,0.4007029877,451,0.2372505543,310,0.3096774194,0.95,135,23.73,167,38.48,72,26.97,9,6.67,168,29.53,141,35.16,68,26.15,6,3.57,33,5.80,31,5.78,69,13.66,5,15.15,0,0.00,0,0.00,0,0.00,0,0.00,0,0.00,0,0.00,0,0.00,0,0.00,402,34.93,749,16.65798828,242,60.20,431,151,582,25.95,33,-118,531,100,13,4,0.68
1,Saint Paul W-1 P-2,2185,2201,16,126,16.20,778,13.10,35.35,22.25,24,802,2.99,223,27.81,199,25.58,356,44.39,133,22.97,389,50.00,151,38.82,135,56.72,103,72,0,50,12.85,797,-19,-2.44,0.5,579,0.2607944732,446,0.302690583,1.06,171,21.98,207,34.10,125,31.25,32,18.71,177,22.75,157,26.12,100,22.52,22,12.43,38,4.88,60,8.11,81,11.91,15,39.47,0,0.00,0,0.00,0,0.00,0,0.00,0,0.00,0,0.00,0,0.00,0,0.00,490,28.19,1248,9.965655322,290,59.18,561,203,764,26.57,38,-165,737,176,-14,35,4.38
1,Saint Paul W-1 P-3,1914,1929,15,37,7.54,491,9.71,25.45,15.74,17,508,3.35,119,23.43,102,20.77,202,39.76,83,21.34,178,36.25,113,36.10,84,42.00,116,50,0,25,14.04,450,41,8.35,0.3625254582,389,0.2904884319,306,0.2745098039,0.93,203,41.34,105,36.46,74,40.44,27,13.30,69,14.05,104,24.64,85,26.73,10,14.49,40,8.15,66,14.63,62,16.10,11,27.50,0,0.00,0,0.00,0,0.00,0,0.00,0,0.00,0,0.00,0,0.00,0,0.00,289.75,24.96,871,6.353806971,148,51.08,307,176,483,36.44,40,-136,450,143,-8,24,4.73
1,Saint Paul W-1 P-4,1389,1396,7,39,10.86,359,10.57,25.72,15.15,6,365,1.64,64,17.53,58,16.16,112,30.68,48,15.95,154,42.90,84,40.98,79,65.29,42,62,0,48,31.17,427,-68,-18.94,0.4289693593,301,0.2790697674,253,0.3122529644,1.02,105,29.25,107,42.13,56,38.10,34,32.38,65,18.11,72,24.49,63,28.38,20,30.77,35,9.75,38,11.73,55,19.23,14,40.00,0,0.00,0,0.00,0,0.00,0,0.00,0,0.00,0,0.00,0,0.00,0,0.00,219,27.10,589,6.970144543,126,57.53,210,139,349,39.83,35,-104,324,114,-10,17,4.64
1,Saint Paul W-1 P-5,1376,1385,9,34,9.52,357,11.29,25.78,14.49,4,361,1.11,67,18.56,63,17.65,135,37.40,68,23.13,105,29.41,78,30.95,52,29.89,122,40,0,32,30.48,307,50,14.01,0.2941176471,294,0.2653061224,226,0.2300884956,0.79,191,53.50,131,78.92,77,220.00,60,31.41,45,12.61,52,16.67,55,21.15,13,28.89,16,4.48,33,9.68,42,13.64,4,25.00,0,0.00,0,0.00,0,0.00,0,0.00,0,0.00,0,0.00,0,0.00,0,0.00,232.5,30.82,522,7.942955983,79,33.98,177,172,349,49.28,16,-156,341,164,-8,12,3.32
1,Saint Paul W-1 P-6,2810,2825,15,78,8.44,924,12.51,32.71,20.20,20,944,2.12,187,19.81,167,18.07,400,42.37,213,28.14,309,33.44,184,29.92,134,31.09,297,60,0,32,10.36,719,205,22.19,0.3344155844,757,0.2430647292,544,0.2463235294,0.82,408,44.16,300,58.14,163,75.46,76,18.63,137,14.83,197,25.03,136,23.05,13,9.49,66,7.14,72,8.39,107,13.61,14,21.21,0,0.00,0,0.00,0,0.00,0,0.00,0,0.00,0,0.00,0,0.00,0,0.00,615,31.75,1322,10.38482098,357,58.05,590,321,911,35.24,66,-255,854,264,-13,29,3.09
1,Saint Paul W-1 P-7,1495,1502,7,61,9.17,665,18.28,44.27,25.99,21,686,3.06,163,23.76,142,21.35,317,46.21,154,29.45,274,41.20,134,34.27,125,48.64,132,52,0,25,9.12,610,55,8.27,0.4120300752,523,0.2562141491,369,0.3387533875,1.01,175,26.32,185,37.76,83,27.21,14,8.00,165,24.81,151,30.20,87,24.93,11,6.67,47,7.07,49,7.93,70,12.30,9,19.15,0,0.00,0,0.00,0,0.00,0,0.00,0,0.00,0,0.00,0,0.00,0,0.00,460.75,33.88,899,15.00230495,312,67.72,456,211,667,31.63,47,-164,614,158,2,14,2.06
1,Saint Paul W-1 P-8,2140,2138,-2,77,12.11,636,12.79,29.75,16.96,22,658,3.34,129,19.60,107,16.82,254,38.60,125,23.63,233,36.64,133,33.00,121,44.81,149,70,0,44,18.88,601,35,5.50,0.3663522013,529,0.2514177694,404,0.2995049505,0.92,213,33.49,173,40.90,110,44.00,45,21.13,144,22.64,162,32.93,97,29.39,22,15.28,43,6.76,57,9.61,73,13.62,17,39.53,0,0.00,0,0.00,0,0.00,0,0.00,0,0.00,0,0.00,0,0.00,0,0.00,397.75,27.61,1043,8.21241665,245,61.60,427,212,639,33.18,43,-169,590,163,3,16,2.44
1,Saint Paul W-1 P-9,2367,2383,16,53,11.52,460,8.18,19.30,11.12,10,470,2.13,140,29.79,130,28.26,193,41.06,53,16.06,246,53.48,113,52.80,88,87.13,13,89,0,72,29.27,608,-148,-32.17,0.5347826087,330,0.3424242424,277,0.3176895307,1.19,102,22.17,100,27.93,64,24.81,42,41.18,63,13.70,67,16.88,66,20.00,14,22.22,45,9.78,46,11.08,55,14.91,15,33.33,0,0.00,0,0.00,0,0.00,0,0.00,0,0.00,0,0.00,0,0.00,0,0.00,290.5,28.72,721,5.54388278,118,40.62,238,213,451,47.23,45,-168,411,173,-9,15,3.22
1,Saint Paul W-1 P-10,469,470,1,7,7.14,98,7.92,20.85,12.93,4,102,3.92,41,40.20,37,37.76,50,49.02,9,14.75,40,40.82,18,31.03,15,37.50,25,13,0,3,7.50,89,9,9.18,0.4081632653,61,0.2950819672,52,0.2884615385,0.99,22,22.45,16,21.05,12,20.00,6,27.27,17,17.35,12,14.81,11,15.94,3,17.65,18,18.37,14,17.50,13,19.70,5,27.78,0,0.00,0,0.00,0,0.00,0,0.00,0,0.00,0,0.00,0,0.00,0,0.00,57,24.36,177,5.079105292,17,29.82,38,55,93,59.14,18,-37,79,41,-5,8,7.92
1,Saint Paul W-1 P-11,1143,1155,12,44,20.18,218,11.53,18.87,7.34,14,232,6.03,73,31.47,59,27.06,94,40.52,21,13.21,78,35.78,49,35.00,40,43.96,51,35,0,30,38.46,232,-14,-6.42,0.3577981651,159,0.3081761006,138,0.2898550725,0.96,89,40.83,56,43.41,42,57.53,35,39.33,24,11.01,34,17.53,21,13.13,10,41.67,26,11.93,19,9.90,34,19.65,11,42.31,0,0.00,0,0.00,0,0.00,0,0.00,0,0.00,0,0.00,0,0.00,0,0.00,138.5,26.97,375,5.090774205,51,36.82,119,86,205,41.95,26,-60,191,72,-13,26,11.26
1,Saint Paul W-1 P-12,335,337,2,25,16.78,149,20.12,44.21,24.09,10,159,6.29,45,28.30,35,23.49,78,49.06,33,28.95,69,46.31,43,53.75,21,56.76,16,21,0,13,18.84,167,-18,-12.08,0.4630872483,114,0.3771929825,81,0.2592592593,1.10,37,24.83,32,28.57,19,23.75,4,10.81,29,19.46,29,24.17,23,25.27,2,6.90,13,8.72,9,6.62,17,13.39,3,23.08,0,0.00,0,0.00,0,0.00,0,0.00,0,0.00,0,0.00,0,0.00,0,0.00,97.75,28.77,242,12.72077785,59,60.36,102,54,156,34.62,13,-41,135,33,7,2,1.27
1,Saint Paul W-1 P-13,1174,1170,-4,69,15.94,433,15.42,37.01,21.59,17,450,3.78,96,21.33,79,18.24,199,44.22,103,29.10,226,52.19,108,52.17,91,91.92,8,52,0,36,15.93,513,-80,-18.48,0.5219399538,354,0.3050847458,251,0.3625498008,1.19,78,18.01,115,32.39,59,24.58,13,16.67,100,23.09,101,30.33,60,25.86,16,16.00,27,6.24,28,6.90,39,10.32,8,29.63,0,0.00,0,0.00,0,0.00,0,0.00,0,0.00,0,0.00,0,0.00,0,0.00,284.75,30.30,655,11.21381619,148,51.98,276,163,439,37.13,27,-136,404,128,6,9,2.01
1,Saint Paul W-1 P-14,975,982,7,55,21.91,251,13.62,25.56,11.94,10,261,3.83,84,32.18,74,29.48,105,40.23,21,11.86,167,66.53,68,80.95,60,375.00,-44,67,0,51,30.54,413,-162,-64.54,0.6653386454,177,0.384180791,156,0.3846153846,1.43,35,13.94,40,18.52,30,17.05,20,57.14,20,7.97,38,16.45,32,16.58,16,80.00,28,11.16,30,13.45,33,17.10,21,75.00,0,0.00,0,0.00,0,0.00,0,0.00,0,0.00,0,0.00,0,0.00,0,0.00,141.5,22.88,477,5.847617668,43,30.39,160,54,214,25.23,28,-26,222,62,-37,46,17.69
1,Saint Paul W-1 P-15,731,745,14,27,17.42,155,5.29,20.81,15.52,14,169,8.28,44,26.04,30,19.35,71,42.01,27,21.60,71,45.81,33,39.29,25,49.02,26,20,0,11,15.49,160,-5,-3.23,0.4580645161,125,0.264,98,0.2551020408,0.98,33,21.29,37,30.33,26,30.59,7,21.21,24,15.48,32,24.43,23,23.23,4,16.67,23,14.84,19,14.39,20,17.70,4,17.39,0,0.00,0,0.00,0,0.00,0,0.00,0,0.00,0,0.00,0,0.00,0,0.00,95.75,25.02,287,5.204739632,34,35.51,69,88,157,56.05,23,-65,128,59,2,8,4.85
1,Saint Paul W-1 P-16,251,244,-7,16,22.54,71,13.19,29.10,15.91,2,73,2.74,12,16.44,10,14.08,23,31.51,11,18.03,30,42.25,17,41.46,16,66.67,8,10,0,7,23.33,80,-9,-12.68,0.4225352113,61,0.2786885246,50,0.32,1.02,16,22.54,15,27.27,10,25.00,1,6.25,19,26.76,15,28.85,13,35.14,2,10.53,6,8.45,14,21.54,11,21.57,6,100.00,0,0.00,0,0.00,0,0.00,0,0.00,0,0.00,0,0.00,0,0.00,0,0.00,46.5,30.49,106,8.872614888,28,60.22,43,30,73,41.10,6,-24,65,22,2,0,0.00
2,Saint Paul W-2 P-1,1604,1606,2,65,9.25,703,27.63,43.77,16.14,34,737,4.61,369,50.07,335,47.65,519,70.42,150,40.76,498,70.84,121,59.02,67,79.76,17,40,35,33,6.63,794,-91,-12.94,0.7083926031,368,0.3288043478,218,0.3073394495,1.34,127,18.07,99,17.19,45,9.43,15,11.81,43,6.12,55,8.33,37,6.12,5,11.63,23,3.27,72,10.59,46,7.57,6,26.09,11,1.56,20,2.89,22,3.27,5,45.45,0,0.00,0,0.00,0,0.00,0,0.00,477.5,31.61,1033,13.83765283,293,61.36,485,237,722,32.83,170,-67,498,13,19,14,1.90
2,Saint Paul W-2 P-2,1691,1707,16,57,7.62,748,27.22,43.82,16.60,45,793,5.67,370,46.66,325,43.45,516,65.07,146,34.52,537,71.79,138,65.40,105,143.84,-32,77,73,68,12.66,998,-250,-33.42,0.7179144385,423,0.3262411348,277,0.3790613718,1.42,134,17.91,121,19.71,50,10.14,26,19.40,49,6.55,76,10.87,41,6.58,5,10.20,17,2.27,47,6.43,42,6.14,9,52.94,5,0.67,35,4.71,32,4.52,2,40.00,0,0.00,0,0.00,0,0.00,0,0.00,499.25,29.93,1169,13.11369313,279,55.88,542,230,772,29.79,183,-47,537,-5,24,15,1.91
2,Saint Paul W-2 P-3,2705,2718,13,105,12.56,836,17.35,30.76,13.41,78,914,8.53,355,38.84,277,33.13,486,53.17,131,23.43,483,57.78,148,41.93,105,51.22,100,83,100,76,15.73,995,-159,-19.02,0.5777511962,559,0.2647584973,428,0.2453271028,1.09,215,25.72,168,27.05,109,24.06,74,34.42,57,6.82,95,12.20,78,11.40,22,38.60,38,4.55,76,9.52,74,10.25,18,47.37,39,4.67,69,8.66,59,8.10,17,43.59,0,0.00,0,0.00,0,0.00,0,0.00,529.25,25.49,1547,7.840396864,277,52.34,507,391,898,43.54,272,-119,483,-24,62,13,1.43
2,Saint Paul W-2 P-4,1545,1553,8,53,10.54,503,19.62,32.39,12.77,27,530,5.09,287,54.15,260,51.69,387,73.02,100,41.15,340,67.59,45,27.61,31,26.27,87,20,19,15,4.41,470,33,6.56,0.675944334,243,0.1851851852,143,0.2167832168,1.08,105,20.87,68,17.09,25,7.58,5,4.76,37,7.36,65,13.95,30,7.48,3,8.11,14,2.78,46,9.41,35,7.90,1,7.14,5,0.99,17,3.41,20,4.16,5,100.00,0,0.00,0,0.00,0,0.00,0,0.00,344,31.76,739,10.28789481,186,54.07,345,175,520,33.65,142,-33,340,-5,17,8,1.52
2,Saint Paul W-2 P-5,2398,2416,18,67,8.14,823,22.56,34.06,11.50,59,882,6.69,301,34.13,242,29.40,461,52.27,160,27.54,444,53.95,151,39.84,103,45.18,125,74,76,66,14.86,914,-91,-11.06,0.5394896719,581,0.2598967298,421,0.2446555819,1.04,222,26.97,177,29.45,106,25.00,74,33.33,92,11.18,105,14.36,77,12.30,29,31.52,34,4.13,92,11.66,70,10.04,13,38.24,29,3.52,53,6.68,63,8.50,18,62.07,0,0.00,0,0.00,0,0.00,0,0.00,517,25.99,1472,8.854390372,283,54.74,483,378,861,43.90,314,-64,444,-39,38,19,2.16
2,Saint Paul W-2 P-6,620,624,4,20,10.42,192,17.25,30.77,13.52,10,202,4.95,80,39.60,70,36.46,118,58.42,38,31.15,115,59.90,29,37.66,19,39.58,29,23,19,12,10.43,217,-25,-13.02,0.5989583333,122,0.237704918,84,0.2261904762,1.06,50,26.04,38,26.76,17,16.35,15,30.00,5,2.60,19,10.16,20,11.90,6,120.00,10,5.21,13,7.14,15,8.88,2,20.00,9,4.69,19,10.38,10,6.10,5,55.56,0,0.00,0,0.00,0,0.00,0,0.00,107.5,22.47,371,6.912627602,44,40.93,87,98,185,52.97,55,-43,115,28,-7,14,7.04
2,Saint Paul W-2 P-7,2271,2279,8,78,12.64,617,17.09,27.07,9.98,36,653,5.51,273,41.81,237,38.41,397,60.80,124,32.63,378,61.26,110,46.03,72,55.81,57,41,34,31,8.20,666,-49,-7.94,0.6126418152,380,0.2894736842,256,0.28125,1.18,136,22.04,120,24.95,58,16.07,36,26.47,65,10.53,63,11.41,45,9.20,13,20.00,26,4.21,52,8.80,39,7.24,2,7.69,7,1.13,30,4.92,37,6.38,6,85.71,0,0.00,0,0.00,0,0.00,0,0.00,380.5,26.07,1079,7.0581584,217,57.03,392,245,637,38.46,201,-44,378,-14,20,11,1.70
2,Saint Paul W-2 P-8,1248,1314,66,73,25.61,285,12.96,21.69,8.73,20,305,6.56,105,34.43,85,29.82,165,54.10,60,30.00,151,52.98,60,44.78,39,52.70,35,22,33,30,19.87,335,-50,-17.54,0.5298245614,200,0.3,140,0.2785714286,1.11,93,32.63,58,30.21,42,31.34,26,27.96,13,4.56,32,11.76,28,11.67,5,38.46,15,5.26,20,7.41,17,6.80,2,13.33,12,4.21,29,10.62,14,5.74,6,50.00,0,0.00,0,0.00,0,0.00,0,0.00,180.5,26.41,503,5.727804445,99,54.85,188,102,290,35.17,106,4,151,-37,5,15,4.92
2,Saint Paul W-2 P-9,2064,2075,11,51,8.89,574,18.37,27.66,9.29,9,583,1.54,237,40.65,228,39.72,370,63.46,133,38.44,387,67.42,84,44.92,55,53.40,48,34,27,23,5.94,610,-36,-6.27,0.6742160279,346,0.2427745665,213,0.2582159624,1.18,127,22.13,117,26.17,48,14.55,19,14.96,29,5.05,62,11.38,48,9.94,3,10.34,21,3.66,64,11.57,33,6.75,2,9.52,10,1.74,18,3.19,28,5.13,4,40.00,0,0.00,0,0.00,0,0.00,0,0.00,392.5,33.79,769,9.347903884,201,51.21,399,161,560,28.75,156,-5,387,-12,-14,22,3.78
2,Saint Paul W-2 P-11,2927,2941,14,97,13.82,702,12.35,23.87,11.52,15,717,2.09,341,47.56,326,46.44,477,66.53,136,36.17,488,69.52,87,40.65,46,36.22,81,29,23,19,3.89,692,10,1.42,0.6951566952,376,0.2313829787,240,0.1916666667,1.12,162,23.08,110,20.37,58,13.49,26,16.05,17,2.42,74,10.80,50,8.18,5,29.41,21,2.99,73,10.72,47,7.73,2,9.52,11,1.57,29,4.20,36,5.44,5,45.45,0,0.00,0,0.00,0,0.00,0,0.00,471.25,32.56,976,7.772306034,279,59.20,497,197,694,28.39,179,-18,488,-9,-8,20,2.80
2,Saint Paul W-2 P-12,1766,1763,-3,52,7.82,665,25.79,37.72,11.93,40,705,5.67,347,49.22,307,46.17,495,70.21,148,41.34,400,60.15,77,29.06,52,27.66,136,29,26,26,6.50,610,55,8.27,0.6015037594,358,0.2150837989,210,0.2476190476,1.06,115,17.29,120,21.82,46,10.70,20,17.39,98,14.74,87,15.34,41,8.54,2,2.04,24,3.61,35,5.46,37,6.11,4,16.67,22,3.31,33,5.13,28,4.59,1,4.55,0,0.00,0,0.00,0,0.00,0,0.00,423.75,27.54,1115,10.3874986,253,59.71,405,285,690,41.30,213,-72,400,-5,25,9,1.29
2,Saint Paul W-2 P-13,1546,1544,-2,81,16.36,495,23.13,32.06,8.93,32,527,6.07,181,34.35,149,30.10,269,51.04,88,25.43,282,56.97,94,44.13,76,63.87,43,58,52,47,16.67,609,-114,-23.03,0.5696969697,346,0.2716763006,258,0.2945736434,1.14,96,19.39,93,23.31,65,21.24,37,38.54,67,13.54,82,19.16,43,12.43,21,31.34,14,2.83,45,9.36,40,9.17,9,64.29,34,6.87,30,6.51,32,7.42,9,26.47,0,0.00,0,0.00,0,0.00,0,0.00,327.75,29.04,801,9.30899592,183,55.84,297,221,518,42.66,163,-58,282,-15,23,8,1.52
2,Saint Paul W-2 P-14,1710,1703,-7,43,8.83,487,18.21,28.60,10.39,29,516,5.62,167,32.36,138,28.34,251,48.64,84,24.07,241,49.49,78,31.71,60,35.71,108,38,47,35,14.52,499,-12,-2.46,0.4948665298,349,0.223495702,265,0.2264150943,0.94,102,20.94,103,26.75,70,24.82,37,36.27,95,19.51,100,25.51,61,20.89,25,26.32,14,2.87,31,6.55,45,10.18,6,42.86,30,6.16,32,7.00,24,5.65,14,46.67,0,0.00,0,0.00,0,0.00,0,0.00,297,25.71,858,7.353409949,166,55.89,247,257,504,50.99,197,-60,241,-6,17,8,1.56
2,Saint Paul W-2 P-15,2740,2754,14,57,11.61,491,11.27,17.83,6.56,25,516,4.84,169,32.75,144,29.33,242,46.90,73,21.04,285,58.04,97,47.09,73,66.97,36,60,57,55,19.30,627,-136,-27.70,0.5804480652,347,0.2795389049,274,0.2664233577,1.13,140,28.51,107,30.48,72,29.51,57,40.71,28,5.70,55,11.88,45,11.03,15,53.57,17,3.46,33,6.96,44,9.98,11,64.71,20,4.07,54,11.46,39,9.35,13,65.00,0,0.00,0,0.00,0,0.00,0,0.00,300.5,25.54,876,4.553759613,157,52.25,247,245,492,49.80,168,-77,285,38,1,23,4.47
3,Saint Paul W-3 P-1,2089,2101,12,110,10.05,1094,20.09,52.07,31.98,28,1122,2.50,454,40.46,426,38.94,582,51.87,128,19.16,613,56.03,347,72.14,288,214.93,-154,0,0,288,46.98,1536,-442,-40.40,0.5603290676,668,0.5194610778,540,0.5333333333,1.61,476,43.51,316,51.13,0,0.00,247,51.89,0,0.00,0,0.00,0,0.00,0,0.00,0,0.00,0,0.00,0,0.00,0,0.00,0,0.00,0,0.00,0,0.00,0,0.00,0,0.00,0,0.00,0,0.00,0,0.00,700.25,29.08,1708,15.14059066,386,55.12,742,363,1105,32.85,476,113,613,-129,11,12,1.07
3,Saint Paul W-3 P-2,2501,2503,2,127,10.12,1255,21.65,50.14,28.49,43,1298,3.31,551,42.45,508,40.48,733,56.47,182,24.36,776,61.83,391,81.63,304,345.45,-216,0,0,304,39.18,1775,-520,-41.43,0.6183266932,747,0.5234270415,565,0.5380530973,1.68,471,37.53,348,44.39,0,0.00,253,53.72,0,0.00,0,0.00,0,0.00,0,0.00,0,0.00,0,0.00,0,0.00,0,0.00,0,0.00,0,0.00,0,0.00,0,0.00,0,0.00,0,0.00,0,0.00,0,0.00,811,29.39,1948,14.73845738,455,56.10,839,445,1284,34.66,471,26,776,-63,29,6,0.47
3,Saint Paul W-3 P-3,2745,2744,-1,196,16.94,1157,15.56,42.16,26.60,34,1191,2.85,498,41.81,464,40.10,666,55.92,168,24.24,681,58.86,375,78.78,293,290.10,-192,0,0,293,43.02,1642,-485,-41.92,0.5885911841,693,0.5411255411,525,0.5580952381,1.69,470,40.62,312,45.41,0,0.00,226,48.09,0,0.00,0,0.00,0,0.00,0,0.00,0,0.00,0,0.00,0,0.00,0,0.00,0,0.00,0,0.00,0,0.00,0,0.00,0,0.00,0,0.00,0,0.00,0,0.00,735.25,28.64,1832,12.07580587,380,51.68,777,396,1173,33.76,470,74,681,-96,16,11,0.93
3,Saint Paul W-3 P-4,1368,1370,2,181,29.24,619,23.11,45.18,22.07,16,635,2.52,429,67.56,413,66.72,516,81.26,87,42.23,380,61.39,99,41.42,64,45.71,76,0,0,64,16.84,607,12,1.94,0.6138933764,206,0.4805825243,119,0.5378151261,1.63,237,38.29,104,27.23,0,0.00,52,21.94,0,0.00,0,0.00,0,0.00,0,0.00,0,0.00,0,0.00,0,0.00,0,0.00,0,0.00,0,0.00,0,0.00,0,0.00,0,0.00,0,0.00,0,0.00,0,0.00,427,33.97,830,15.34838481,208,48.71,426,190,616,30.84,237,47,380,-46,-3,17,2.69
3,Saint Paul W-3 P-5,1923,1916,-7,96,14.37,668,13.73,34.86,21.13,20,688,2.91,361,52.47,341,51.05,476,69.19,115,35.17,392,58.68,177,64.13,113,114.14,-14,0,0,113,28.83,795,-127,-19.01,0.5868263473,327,0.5412844037,212,0.5330188679,1.66,270,40.42,144,36.18,0,0.00,93,34.44,0,0.00,0,0.00,0,0.00,0,0.00,0,0.00,0,0.00,0,0.00,0,0.00,0,0.00,0,0.00,0,0.00,0,0.00,0,0.00,0,0.00,0,0.00,0,0.00,451.5,32.56,935,11.35321438,224,49.61,439,219,658,33.28,270,51,392,-47,-10,24,3.52
3,Saint Paul W-3 P-6,2146,2141,-5,122,12.73,958,16.20,44.75,28.55,22,980,2.24,348,35.51,326,34.03,486,49.59,138,21.84,523,54.59,299,68.74,244,179.41,-108,0,0,244,46.65,1310,-352,-36.74,0.5459290188,632,0.4731012658,494,0.4939271255,1.51,431,44.99,330,62.62,0,0.00,247,57.31,0,0.00,0,0.00,0,0.00,0,0.00,0,0.00,0,0.00,0,0.00,0,0.00,0,0.00,0,0.00,0,0.00,0,0.00,0,0.00,0,0.00,0,0.00,0,0.00,571.25,25.65,1656,11.47641085,308,53.92,605,359,964,37.24,431,72,523,-82,6,13,1.33
3,Saint Paul W-3 P-7,1403,1448,45,27,4.96,544,19.08,37.57,18.49,20,564,3.55,336,59.57,316,58.09,445,78.90,109,47.81,418,76.84,120,95.24,80,"1,333.33",-74,0,0,80,19.14,698,-154,-28.31,0.7683823529,228,0.5263157895,119,0.6722689076,1.97,126,23.16,108,25.84,0,0.00,39,30.95,0,0.00,0,0.00,0,0.00,0,0.00,0,0.00,0,0.00,0,0.00,0,0.00,0,0.00,0,0.00,0,0.00,0,0.00,0,0.00,0,0.00,0,0.00,0,0.00,392.75,36.41,686,13.67809837,254,64.67,454,104,558,18.64,126,22,418,-36,14,6,1.06
3,Saint Paul W-3 P-8,1622,1619,-3,130,14.82,877,20.63,54.17,33.54,39,916,4.26,589,64.30,550,62.71,699,76.31,110,33.64,596,67.96,169,60.14,130,116.07,-18,0,0,130,21.81,1025,-148,-16.88,0.6795895097,327,0.5168195719,217,0.599078341,1.80,278,31.70,155,25.88,0,0.00,84,30.22,0,0.00,0,0.00,0,0.00,0,0.00,0,0.00,0,0.00,0,0.00,0,0.00,0,0.00,0,0.00,0,0.00,0,0.00,0,0.00,0,0.00,0,0.00,0,0.00,619,34.03,1200,18.43362272,376,60.74,642,266,908,29.30,278,12,596,-46,31,4,0.44
3,Saint Paul W-3 P-9,2511,2509,-2,161,13.05,1234,17.93,49.18,31.25,37,1271,2.91,763,60.03,726,58.83,933,73.41,170,33.46,780,63.21,270,59.47,185,100.54,-1,0,0,185,23.72,1420,-186,-15.07,0.6320907618,508,0.531496063,338,0.5473372781,1.71,452,36.63,236,30.18,0,0.00,151,33.41,0,0.00,0,0.00,0,0.00,0,0.00,0,0.00,0,0.00,0,0.00,0,0.00,0,0.00,0,0.00,0,0.00,0,0.00,0,0.00,0,0.00,0,0.00,0,0.00,803.5,29.73,1899,14.62293929,428,53.27,862,392,1254,31.26,452,60,780,-82,20,15,1.18
3,Saint Paul W-3 P-10,1523,1523,0,103,13.73,750,17.77,49.24,31.47,18,768,2.34,364,47.40,346,46.13,455,59.24,91,22.52,415,55.33,209,62.39,175,138.89,-49,0,0,175,42.17,974,-224,-29.87,0.5533333333,404,0.5173267327,313,0.5591054313,1.63,332,44.27,193,46.17,0,0.00,136,40.96,0,0.00,0,0.00,0,0.00,0,0.00,0,0.00,0,0.00,0,0.00,0,0.00,0,0.00,0,0.00,0,0.00,0,0.00,0,0.00,0,0.00,0,0.00,0,0.00,459.75,26.97,1245,13.2807438,205,44.59,502,256,758,33.77,332,76,415,-87,8,8,1.04
3,Saint Paul W-3 P-11,1967,1968,1,39,10.57,369,8.22,18.75,10.53,21,390,5.38,133,34.10,112,30.35,199,51.03,66,25.68,221,59.89,130,87.84,102,566.67,-84,0,0,102,46.15,555,-186,-50.41,0.5989159892,257,0.5058365759,191,0.5340314136,1.64,146,39.57,125,56.05,0,0.00,87,59.59,0,0.00,0,0.00,0,0.00,0,0.00,0,0.00,0,0.00,0,0.00,0,0.00,0,0.00,0,0.00,0,0.00,0,0.00,0,0.00,0,0.00,0,0.00,0,0.00,268,35.69,483,6.691078562,113,42.16,230,144,374,38.50,146,2,221,-9,5,14,3.61
3,Saint Paul W-3 P-12,1807,1812,5,77,8.27,931,18.91,51.38,32.47,37,968,3.82,417,43.08,380,40.82,558,57.64,141,25.59,624,67.02,326,106.19,265,"-1,394.74",-284,0,0,265,42.47,1480,-549,-58.97,0.6702470462,551,0.5916515426,410,0.6463414634,1.91,303,32.55,221,35.19,0,0.00,141,46.53,0,0.00,0,0.00,0,0.00,0,0.00,0,0.00,0,0.00,0,0.00,0,0.00,0,0.00,0,0.00,0,0.00,0,0.00,0,0.00,0,0.00,0,0.00,0,0.00,626.5,31.49,1363,16.17963125,358,57.14,673,286,959,29.82,303,17,624,-49,28,5,0.52
3,Saint Paul W-3 P-13,1855,1853,-2,101,11.01,917,21.47,49.49,28.02,22,939,2.34,654,69.65,632,68.92,779,82.96,125,43.86,564,61.50,134,37.96,80,36.53,139,0,0,80,14.18,858,59,6.43,0.6150490731,285,0.4701754386,160,0.5,1.59,351,38.28,149,26.33,0,0.00,78,22.22,0,0.00,0,0.00,0,0.00,0,0.00,0,0.00,0,0.00,0,0.00,0,0.00,0,0.00,0,0.00,0,0.00,0,0.00,0,0.00,0,0.00,0,0.00,0,0.00,623.75,33.08,1262,16.36893253,354,56.75,627,306,933,32.80,351,45,564,-63,16,4,0.43
3,Saint Paul W-3 P-14,3618,3621,3,213,11.42,1865,18.66,51.51,32.85,58,1923,3.02,1106,57.51,1048,56.19,1330,69.16,224,27.42,1032,55.34,410,49.22,289,68.32,134,0,0,289,28.00,2020,-155,-8.31,0.5533512064,817,0.5018359853,593,0.4873524452,1.54,825,44.24,399,38.37,0,0.00,296,35.88,0,0.00,0,0.00,0,0.00,0,0.00,0,0.00,0,0.00,0,0.00,0,0.00,0,0.00,0,0.00,0,0.00,0,0.00,0,0.00,0,0.00,0,0.00,0,0.00,1185.75,28.44,2983,14.64999894,614,51.78,1216,684,1900,36.00,825,141,1032,-184,35,15,0.78
4,Saint Paul W-4 P-1,1626,1630,4,57,8.02,711,26.36,43.62,17.26,21,732,2.87,313,42.76,292,41.07,546,74.59,233,55.61,504,70.89,105,50.72,62,60.78,40,0,0,40,7.94,711,0,0.00,0.7088607595,419,0.2505966587,186,0.3333333333,1.29,120,16.88,230,38.92,14,3.88,14,11.67,87,12.24,84,13.46,20,3.70,20,22.99,0,0.00,0,0.00,0,0.00,0,0.00,0,0.00,0,0.00,0,0.00,0,0.00,0,0.00,0,0.00,0,0.00,0,0.00,516.75,37.13,875,16.19575699,285,55.15,557,163,720,22.64,207,44,504,-53,9,12,1.64
4,Saint Paul W-4 P-2,1348,1356,8,72,10.37,694,37.82,51.18,13.36,30,724,4.14,261,36.05,231,33.29,462,63.81,201,43.41,539,77.67,189,121.94,121,-355.88,-155,0,0,113,20.96,962,-268,-38.62,0.7766570605,463,0.4082073434,262,0.4618320611,1.65,113,16.28,198,34.08,27,7.05,27,23.89,39,5.62,73,11.15,16,2.75,16,41.03,0,0.00,0,0.00,0,0.00,0,0.00,0,0.00,0,0.00,0,0.00,0,0.00,0,0.00,0,0.00,0,0.00,0,0.00,526,40.06,787,20.50315991,228,43.35,596,120,716,16.76,152,32,539,-57,22,5,0.69
4,Saint Paul W-4 P-3,2405,2384,-21,48,8.23,583,7.98,24.45,16.47,31,614,5.05,227,36.97,196,33.62,444,72.31,217,56.07,427,73.24,106,67.95,46,92.00,4,0,0,41,9.60,620,-37,-6.35,0.7324185249,387,0.2739018088,170,0.2705882353,1.28,124,21.27,222,48.37,17,7.17,17,13.71,31,5.32,58,10.51,12,2.43,12,38.71,0,0.00,0,0.00,0,0.00,0,0.00,0,0.00,0,0.00,0,0.00,0,0.00,0,0.00,0,0.00,0,0.00,0,0.00,414.5,34.24,796,8.373789604,291,70.21,470,119,589,20.20,155,36,427,-43,6,24,3.92
4,Saint Paul W-4 P-4,1812,1801,-11,92,12.12,759,20.66,42.14,21.48,32,791,4.05,299,37.80,267,35.18,576,72.82,277,56.30,352,46.38,141,34.64,72,27.07,194,0,0,30,8.52,595,164,21.61,0.4637681159,492,0.2865853659,215,0.3348837209,1.09,307,40.45,236,52.21,42,19.44,42,13.68,98,12.91,113,17.10,27,4.93,27,27.55,0,0.00,0,0.00,0,0.00,0,0.00,0,0.00,0,0.00,0,0.00,0,0.00,0,0.00,0,0.00,0,0.00,0,0.00,509.75,31.11,1129,13.10909144,320,62.78,496,284,780,36.41,405,121,352,-144,21,9,1.14
4,Saint Paul W-4 P-5,1344,1346,2,53,9.14,580,22.19,43.09,20.90,18,598,3.01,171,28.60,153,26.38,403,67.39,232,54.33,241,41.55,107,31.56,56,24.14,176,0,0,19,7.88,423,157,27.07,0.4155172414,427,0.2505854801,195,0.2871794872,0.95,246,42.41,213,63.77,41,33.88,41,16.67,89,15.34,103,20.98,18,4.64,18,20.22,0,0.00,0,0.00,0,0.00,0,0.00,0,0.00,0,0.00,0,0.00,0,0.00,0,0.00,0,0.00,0,0.00,0,0.00,369.5,28.88,910,12.44391644,217,58.73,373,210,583,36.02,335,125,241,-132,3,13,2.18
4,Saint Paul W-4 P-6,1538,1547,9,44,10.76,409,13.34,26.44,13.10,15,424,3.54,124,29.25,109,26.65,251,59.20,127,42.33,209,51.10,84,42.00,45,38.79,71,0,0,26,12.44,364,45,11.00,0.511002445,300,0.28,173,0.2601156069,1.05,145,35.45,150,56.82,34,29.82,34,23.45,55,13.45,66,18.64,23,7.99,23,41.82,0,0.00,0,0.00,0,0.00,0,0.00,0,0.00,0,0.00,0,0.00,0,0.00,0,0.00,0,0.00,0,0.00,0,0.00,293.5,35.99,522,9.515182765,180,61.33,303,109,412,26.46,200,91,209,-94,3,12,2.83
4,Saint Paul W-4 P-7,1831,1837,6,98,12.34,794,23.63,43.22,19.59,38,832,4.57,318,38.22,280,35.26,593,71.27,275,53.50,375,47.23,140,33.41,71,25.45,208,0,0,35,9.33,621,173,21.79,0.4722921914,514,0.2723735409,239,0.2970711297,1.04,284,35.77,238,46.67,49,18.01,49,17.25,133,16.75,134,20.27,28,5.31,28,21.05,0,0.00,0,0.00,0,0.00,0,0.00,0,0.00,0,0.00,0,0.00,0,0.00,0,0.00,0,0.00,0,0.00,0,0.00,534.75,31.02,1189,13.40873662,279,52.17,562,262,824,31.80,417,155,375,-187,30,6,0.72
4,Saint Paul W-4 P-8,2224,2224,0,75,9.28,808,18.84,36.33,17.49,22,830,2.65,304,36.63,282,34.90,573,69.04,269,51.14,504,62.38,127,41.78,69,38.98,108,0,0,32,6.35,732,76,9.41,0.6237623762,526,0.2414448669,257,0.2684824903,1.13,204,25.25,297,49.17,37,12.05,37,18.14,96,11.88,98,13.76,21,3.42,21,21.88,0,0.00,0,0.00,0,0.00,0,0.00,0,0.00,0,0.00,0,0.00,0,0.00,0,0.00,0,0.00,0,0.00,0,0.00,590.25,37.88,968,13.76180621,375,63.53,594,224,818,27.38,300,76,504,-90,10,10,1.21
4,Saint Paul W-4 P-9,1664,1663,-1,127,23.65,537,16.47,32.29,15.82,25,562,4.45,190,33.81,165,30.73,357,63.52,167,44.89,282,52.51,101,39.61,53,34.42,101,0,0,29,10.28,465,72,13.41,0.5251396648,372,0.2715053763,205,0.2585365854,1.06,168,31.28,190,51.49,29,16.20,29,17.26,83,15.46,77,16.96,29,7.69,29,34.94,0,0.00,0,0.00,0,0.00,0,0.00,0,0.00,0,0.00,0,0.00,0,0.00,0,0.00,0,0.00,0,0.00,0,0.00,372.75,33.23,749,10.73009607,233,62.51,379,164,543,30.20,251,87,282,-97,6,14,2.51
4,Saint Paul W-4 P-10,2030,2037,7,75,7.99,939,22.79,46.10,23.31,25,964,2.59,366,37.97,341,36.32,738,76.56,372,62.21,536,57.08,164,40.69,80,33.47,159,0,0,27,5.04,807,132,14.06,0.5708200213,598,0.2742474916,226,0.3539823009,1.20,294,31.31,329,51.01,29,9.18,29,9.86,105,11.18,101,12.11,14,1.91,14,13.33,0,0.00,0,0.00,0,0.00,0,0.00,0,0.00,0,0.00,0,0.00,0,0.00,0,0.00,0,0.00,0,0.00,0,0.00,646,33.79,1266,15.57468219,427,66.10,705,246,951,25.87,399,153,536,-169,12,9,0.94
4,Saint Paul W-4 P-11,2232,2239,7,157,17.27,909,23.12,40.60,17.48,55,964,5.71,295,30.60,240,26.40,562,58.30,267,39.91,520,57.21,194,49.87,137,70.26,58,0,0,84,16.15,935,-26,-2.86,0.5720572057,669,0.2899850523,402,0.3407960199,1.20,228,25.08,321,47.14,62,17.22,62,27.19,155,17.05,148,19.63,58,9.57,58,37.42,0,0.00,0,0.00,0,0.00,0,0.00,0,0.00,0,0.00,0,0.00,0,0.00,0,0.00,0,0.00,0,0.00,0,0.00,608.75,30.05,1417,12.20008668,343,56.34,669,262,931,28.14,383,121,520,-149,22,27,2.82
4,Saint Paul W-4 P-12,1727,1737,10,73,15.08,484,11.02,27.86,16.84,26,510,5.10,183,35.88,157,32.44,336,65.88,153,46.79,316,65.29,87,51.79,42,51.85,39,0,0,27,8.54,472,12,2.48,0.652892562,327,0.2660550459,174,0.2413793103,1.16,95,19.63,184,47.30,18,8.78,18,18.95,72,14.88,55,13.35,19,5.32,19,26.39,0,0.00,0,0.00,0,0.00,0,0.00,0,0.00,0,0.00,0,0.00,0,0.00,0,0.00,0,0.00,0,0.00,0,0.00,354.75,35.84,635,9.987169873,227,63.99,378,126,504,25.00,167,41,316,-62,20,5,0.98
4,Saint Paul W-4 P-13,1498,1497,-1,31,5.64,550,19.31,36.74,17.43,19,569,3.34,150,26.36,131,23.82,320,56.24,170,40.57,316,57.45,116,49.57,83,70.34,35,0,0,58,18.35,573,-23,-4.18,0.5745454545,419,0.276849642,249,0.3333333333,1.18,131,23.82,217,51.79,36,17.82,36,27.48,101,18.36,84,18.71,45,12.33,45,44.55,0,0.00,0,0.00,0,0.00,0,0.00,0,0.00,0,0.00,0,0.00,0,0.00,0,0.00,0,0.00,0,0.00,0,0.00,384.5,34.41,733,12.64124072,227,59.04,370,183,553,33.09,232,49,316,-54,3,14,2.47
4,Saint Paul W-4 P-14,1463,1469,6,26,4.56,570,20.86,38.80,17.94,24,594,4.04,205,34.51,181,31.75,410,69.02,205,52.70,381,66.84,92,48.68,44,45.36,53,0,0,27,7.09,544,26,4.56,0.6684210526,389,0.236503856,184,0.2391304348,1.14,106,18.60,229,49.35,27,11.49,27,25.47,78,13.68,63,12.80,30,6.99,30,38.46,0,0.00,0,0.00,0,0.00,0,0.00,0,0.00,0,0.00,0,0.00,0,0.00,0,0.00,0,0.00,0,0.00,0,0.00,414,36.28,727,14.07886863,310,74.88,447,138,585,23.59,184,46,381,-66,15,4,0.68
4,Saint Paul W-4 P-15,1526,1521,-5,44,6.82,645,19.47,42.41,22.94,39,684,5.70,196,28.65,157,24.34,424,61.99,228,46.72,394,61.09,140,55.78,79,71.17,32,0,0,58,14.72,671,-26,-4.03,0.6108527132,488,0.2868852459,260,0.3038461538,1.20,149,23.10,253,51.01,39,16.05,39,26.17,99,15.35,92,16.85,40,8.81,40,40.40,0,0.00,0,0.00,0,0.00,0,0.00,0,0.00,0,0.00,0,0.00,0,0.00,0,0.00,0,0.00,0,0.00,0,0.00,458.25,33.44,912,14.18185901,299,65.25,498,173,671,25.78,248,75,394,-104,26,10,1.47
5,Saint Paul W-5 P-1,2054,2066,12,149,17.37,858,24.38,41.53,17.15,38,896,4.24,230,25.67,192,22.38,394,43.97,164,24.62,501,58.39,182,50.98,130,74.29,45,116,0,107,21.36,1036,-178,-20.75,0.5839160839,666,0.2732732733,502,0.2589641434,1.12,219,25.52,150,23.47,124,25.36,55,25.11,79,9.21,207,26.57,114,19.93,17,21.52,52,6.06,120,14.89,128,18.66,19,36.54,0,0.00,0,0.00,0,0.00,0,0.00,0,0.00,0,0.00,0,0.00,0,0.00,544.5,27.96,1403,11.61120756,278,51.06,584,296,880,33.64,350,54,501,-83,22,10,1.12
5,Saint Paul W-5 P-2,2508,2507,-1,201,16.03,1254,37.99,50.02,12.03,49,1303,3.76,383,29.39,334,26.63,615,47.20,232,25.22,688,54.86,230,40.64,163,48.51,173,135,0,122,17.73,1338,-84,-6.70,0.5486443381,920,0.25,688,0.2369186047,1.04,335,26.71,258,28.07,167,25.26,112,33.43,141,11.24,277,24.89,147,17.58,22,15.60,82,6.54,147,12.54,203,19.80,34,41.46,0,0.00,0,0.00,0,0.00,0,0.00,0,0.00,0,0.00,0,0.00,0,0.00,798.25,28.49,2004,14.2487003,441,55.25,825,456,1281,35.60,558,102,688,-137,27,14,1.08
5,Saint Paul W-5 P-3,2085,2090,5,205,21.38,959,31.30,45.89,14.59,22,981,2.24,215,21.92,193,20.13,351,35.78,136,17.75,550,57.35,195,47.68,164,76.64,50,158,0,125,22.73,1192,-233,-24.30,0.5735140772,766,0.2545691906,630,0.2603174603,1.09,222,23.15,191,25.92,152,27.84,79,35.59,137,14.29,249,30.29,146,25.48,40,29.20,48,5.01,129,14.16,166,21.23,24,50.00,0,0.00,0,0.00,0,0.00,0,0.00,0,0.00,0,0.00,0,0.00,0,0.00,631.5,31.18,1394,14.30584214,372,58.91,613,341,954,35.74,407,66,550,-63,-5,25,2.55
5,Saint Paul W-5 P-4,3594,3622,28,107,12.47,858,13.60,23.69,10.09,29,887,3.27,215,24.24,186,21.68,349,39.35,134,19.94,396,46.15,154,33.33,120,38.96,188,117,0,93,23.48,880,-22,-2.56,0.4615384615,672,0.2291666667,538,0.2230483271,0.91,291,33.92,201,35.45,158,43.17,114,39.18,95,11.07,175,22.94,133,22.62,35,36.84,73,8.51,140,17.83,125,19.38,25,34.25,0,0.00,0,0.00,0,0.00,0,0.00,0,0.00,0,0.00,0,0.00,0,0.00,564.5,30.39,1293,7.199029707,291,51.55,454,416,870,47.82,459,43,396,-58,12,15,1.69
5,Saint Paul W-5 P-5,1904,1943,39,30,8.43,356,10.20,18.32,8.12,9,365,2.47,120,32.88,111,31.18,145,39.73,25,10.20,216,60.67,95,67.86,93,206.67,-48,79,0,69,31.94,552,-196,-55.06,0.606741573,245,0.387755102,220,0.4227272727,1.42,78,21.91,70,25.18,52,25.00,47,60.26,36,10.11,40,12.50,34,12.14,18,50.00,22,6.18,37,11.08,38,12.79,13,59.09,0,0.00,0,0.00,0,0.00,0,0.00,0,0.00,0,0.00,0,0.00,0,0.00,234.75,31.10,520,5.698750937,85,36.21,149,134,283,47.35,136,2,216,67,-73,79,21.82
5,Saint Paul W-5 P-6,1905,1922,17,55,11.65,472,10.94,24.56,13.62,21,493,4.26,139,28.19,118,25.00,239,48.48,100,28.25,198,41.95,71,25.91,50,24.63,153,41,0,40,20.20,400,72,15.25,0.4194915254,354,0.2005649718,254,0.1968503937,0.82,203,43.01,113,42.01,70,44.87,46,22.66,40,8.47,100,23.15,63,18.98,17,42.50,27,5.72,66,14.83,67,17.68,18,66.67,0,0.00,0,0.00,0,0.00,0,0.00,0,0.00,0,0.00,0,0.00,0,0.00,283,25.43,830,6.244244306,131,46.29,216,259,475,54.53,270,11,198,-18,3,14,2.86
5,Saint Paul W-5 P-7,1198,1208,10,24,9.76,246,10.01,20.36,10.35,16,262,6.11,61,23.28,45,18.29,93,35.50,32,15.92,97,39.43,49,32.89,47,47.00,53,35,0,29,29.90,257,-11,-4.47,0.3943089431,201,0.2437810945,169,0.2781065089,0.92,98,39.84,64,43.24,51,60.71,38,38.78,24,9.76,48,21.62,26,14.94,9,37.50,25,10.16,38,17.19,43,23.50,9,36.00,0,0.00,0,0.00,0,0.00,0,0.00,0,0.00,0,0.00,0,0.00,0,0.00,134.25,20.97,506,4.27004921,56,41.71,100,148,248,59.68,147,-1,97,-3,2,12,4.62
5,Saint Paul W-5 P-8,2456,2487,31,51,11.86,430,9.53,17.29,7.76,27,457,5.91,141,30.85,114,26.51,210,45.95,69,21.84,265,61.63,91,55.15,62,83.78,12,57,0,59,22.26,534,-104,-24.19,0.6162790698,316,0.2879746835,247,0.2510121457,1.16,84,19.53,72,20.81,63,22.99,32,38.10,38,8.84,72,18.37,57,17.81,17,44.74,41,9.53,79,20.31,63,20.32,16,39.02,0,0.00,0,0.00,0,0.00,0,0.00,0,0.00,0,0.00,0,0.00,0,0.00,275.25,27.52,725,4.75785758,116,42.14,187,245,432,56.71,163,-82,265,78,2,23,5.05
5,Saint Paul W-5 P-9,1783,1802,19,30,8.60,349,8.96,19.37,10.41,18,367,4.90,107,29.16,89,25.50,173,47.14,66,25.38,159,45.56,64,33.68,39,30.95,87,33,0,25,15.72,320,29,8.31,0.4555873926,260,0.2461538462,194,0.2010309278,0.90,77,22.06,91,33.46,39,21.55,20,25.97,57,16.33,55,18.84,53,22.36,10,17.54,52,14.90,45,15.15,58,23.02,17,32.69,0,0.00,0,0.00,0,0.00,0,0.00,0,0.00,0,0.00,0,0.00,0,0.00,235,31.13,520,6.028254111,93,39.57,161,196,357,54.90,186,-10,159,-2,8,6,1.65
5,Saint Paul W-5 P-10,659,661,2,8,8.08,99,7.59,14.98,7.39,3,102,2.94,26,25.49,23,23.23,37,36.27,11,14.47,59,59.60,27,67.50,22,169.23,-9,14,0,14,23.73,136,-37,-37.37,0.595959596,76,0.3552631579,65,0.3384615385,1.29,10,10.10,12,13.48,18,23.38,4,40.00,15,15.15,15,17.86,16,23.19,3,20.00,13,13.13,20,23.26,7,10.61,5,38.46,0,0.00,0,0.00,0,0.00,0,0.00,0,0.00,0,0.00,0,0.00,0,0.00,68.25,34.60,129,5.182262156,39,57.14,40,56,96,58.33,38,-18,59,19,-3,4,4.00
6,Saint Paul W-6 P-1,1422,1445,23,42,8.19,513,12.04,35.50,23.46,13,526,2.47,86,16.35,73,14.23,232,44.11,146,33.18,203,39.57,149,48.06,57,35.40,104,32,29,26,12.81,496,17,3.31,0.395711501,440,0.3386363636,294,0.193877551,0.93,179,34.89,160,47.90,54,31.03,23,12.85,71,13.84,37,8.37,46,11.36,34,47.89,28,5.46,37,7.63,57,12.72,19,67.86,14,2.73,32,6.41,43,9.21,20,142.86,17,3.31,25,5.04,37,7.86,14,82.35,286.5,22.87,966,8.12075503,154,53.75,308,190,498,38.15,130,-60,382,74,-15,28,5.32
6,Saint Paul W-6 P-2,1267,1269,2,39,6.68,584,19.74,46.02,26.28,19,603,3.15,110,18.24,91,15.58,272,45.11,162,32.86,225,38.53,166,46.24,50,25.91,143,25,22,22,9.78,510,74,12.67,0.3852739726,493,0.3367139959,331,0.1510574018,0.87,228,39.04,179,50.28,69,38.98,22,9.65,55,9.42,51,9.64,38,7.95,35,63.64,34,5.82,39,7.09,54,10.57,32,94.12,24,4.11,29,5.18,54,10.17,23,95.83,18,3.08,29,5.12,65,12.10,17,94.44,364.5,27.29,971,12.56044035,201,55.14,391,197,588,33.50,131,-66,453,62,4,15,2.49
6,Saint Paul W-6 P-3,1604,1622,18,46,9.29,495,13.06,30.52,17.46,17,512,3.32,95,18.55,78,15.76,181,35.35,86,20.62,241,48.69,146,57.48,87,80.56,21,72,71,73,30.29,690,-195,-39.39,0.4868686869,417,0.3501199041,331,0.2628398792,1.10,152,30.71,153,44.61,71,37.37,57,37.50,49,9.90,37,8.30,48,11.74,31,63.27,31,6.26,28,6.03,38,8.72,39,125.81,10,2.02,16,3.30,38,8.10,23,230.00,11,2.22,36,7.44,41,9.15,18,163.64,272.5,21.97,968,6.703846894,88,32.29,250,223,473,47.15,101,-122,393,143,-22,38,7.44
6,Saint Paul W-6 P-4,1971,1985,14,57,11.11,513,9.05,25.84,16.79,18,531,3.39,127,23.92,109,21.25,214,40.30,87,21.53,248,48.34,155,58.49,110,100.00,0,83,77,80,32.26,753,-240,-46.78,0.4834307992,404,0.3836633663,317,0.3470031546,1.21,135,26.32,145,38.36,52,22.32,28,20.74,39,7.60,28,5.91,28,6.28,43,110.26,38,7.41,26,5.47,43,9.58,29,76.32,33,6.43,28,5.83,43,9.51,30,90.91,19,3.70,21,4.25,32,6.77,19,100.00,249.5,17.98,1138,4.647232623,113,45.29,263,215,478,44.98,129,-86,383,120,-35,53,9.98
6,Saint Paul W-6 P-5,2258,2272,14,106,17.07,621,9.75,27.33,17.58,21,642,3.27,166,25.86,145,23.35,286,44.55,120,25.21,284,45.73,148,43.92,76,40.21,113,52,60,53,18.66,673,-52,-8.37,0.4573268921,476,0.3109243697,356,0.2134831461,0.98,145,23.35,160,33.61,63,19.94,32,22.07,73,11.76,47,8.58,44,8.78,45,61.64,51,8.21,33,5.79,56,10.43,32,62.75,39,6.28,46,7.90,56,10.45,37,94.87,25,4.03,39,6.54,62,11.13,32,128.00,322.25,19.94,1294,5.449638084,138,42.82,291,306,597,51.26,188,-118,429,138,-24,41,6.43
6,Saint Paul W-6 P-6,2599,2625,26,117,17.36,674,7.78,25.68,17.90,20,694,2.88,124,17.87,104,15.43,200,28.82,76,13.33,354,52.52,203,63.44,139,118.80,-22,136,117,119,33.62,1068,-394,-58.46,0.5252225519,570,0.3561403509,494,0.2813765182,1.16,133,19.73,180,33.27,79,21.88,46,34.59,71,10.53,51,8.46,47,8.51,76,107.04,36,5.34,37,5.80,87,14.48,38,105.56,54,8.01,59,9.52,87,15.51,55,101.85,26,3.86,42,6.48,86,14.19,31,119.23,354,20.44,1378,5.247904982,165,46.61,309,353,662,53.32,187,-166,487,178,-12,34,4.89
6,Saint Paul W-6 P-7,681,686,5,42,24.00,175,11.24,25.51,14.27,1,176,0.57,48,27.27,47,26.86,67,38.07,19,14.84,96,54.86,43,54.43,27,75.00,9,29,27,29,30.21,251,-76,-43.43,0.5485714286,128,0.3359375,109,0.247706422,1.13,37,21.14,40,28.99,17,17.35,9,24.32,13,7.43,10,6.17,8,5.26,10,76.92,11,6.29,13,7.93,18,11.92,16,145.45,9,5.14,8,4.82,18,11.39,15,166.67,8,4.57,14,8.38,20,13.07,4,50.00,95.5,22.71,325,5.793637312,32,33.51,93,64,157,40.76,41,-23,133,40,-18,19,10.80
6,Saint Paul W-6 P-8,1623,1646,23,58,17.11,339,8.54,20.60,12.06,9,348,2.59,85,24.43,76,22.42,119,34.20,34,12.93,192,56.64,103,70.07,94,213.64,-50,76,69,67,34.90,601,-262,-77.29,0.5663716814,263,0.391634981,229,0.4104803493,1.37,68,20.06,74,27.31,33,16.75,31,45.59,24,7.08,23,7.30,25,8.56,24,100.00,30,8.85,21,6.80,19,6.60,23,76.67,17,5.01,23,7.14,19,6.35,20,117.65,7,2.06,18,5.42,31,9.87,10,142.86,150,15.97,789,3.289997244,55,36.67,157,119,276,43.12,78,-41,260,103,-63,71,20.46
6,Saint Paul W-6 P-9,2411,2427,16,54,8.74,618,7.28,25.46,18.18,20,638,3.13,147,23.04,127,20.55,260,40.75,113,23.01,255,41.26,147,40.50,70,32.41,146,68,62,51,20.00,653,-35,-5.66,0.4126213592,491,0.299389002,378,0.1851851852,0.90,154,24.92,150,32.33,58,18.47,40,25.97,81,13.11,58,10.80,56,11.69,65,80.25,53,8.58,34,6.02,59,11.11,46,86.79,27,4.37,56,9.48,59,11.03,27,100.00,44,7.12,42,7.32,64,12.03,22,50.00,327.5,20.77,1249,5.289760728,120,36.64,264,317,581,54.56,205,-112,409,145,-37,55,8.65
6,Saint Paul W-6 P-10,1019,1023,4,19,6.86,277,11.77,27.08,15.31,13,290,4.48,83,28.62,70,25.27,144,49.66,61,29.47,102,36.82,63,36.00,24,21.43,88,19,12,15,14.71,235,42,15.16,0.3682310469,207,0.3043478261,146,0.1643835616,0.84,80,28.88,73,37.06,27,21.77,12,15.00,38,13.72,18,7.53,22,9.95,17,44.74,22,7.94,13,5.10,18,7.44,16,72.73,14,5.05,18,6.84,18,7.35,7,50.00,19,6.86,20,7.75,24,10.08,11,57.89,179.5,28.79,444,7.79528738,64,35.65,130,148,278,53.24,93,-55,182,52,1,10,3.47
6,Saint Paul W-6 P-11,1716,1717,1,32,5.60,571,11.80,33.26,21.46,30,601,4.99,116,19.30,86,15.06,218,36.27,102,21.03,220,38.53,150,42.74,104,51.74,97,78,75,63,28.64,690,-119,-20.84,0.3852889667,485,0.3092783505,383,0.27154047,0.97,164,28.72,154,37.84,67,26.48,51,31.10,85,14.89,62,12.76,65,15.33,58,68.24,60,10.51,42,8.22,35,7.46,60,100.00,17,2.98,38,6.86,35,6.78,20,117.65,23,4.03,37,6.75,58,11.35,20,86.96,334.75,23.95,1063,7.964470314,124,37.04,278,307,585,52.48,185,-122,384,106,14,14,2.34
6,Saint Paul W-6 P-12,1197,1196,-1,25,7.69,325,9.17,27.17,18.00,18,343,5.25,63,18.37,45,13.85,24,7.00,-39,-13.93,111,34.15,83,38.79,40,30.53,91,43,38,31,27.93,346,-21,-6.46,0.3415384615,280,0.2964285714,319,0.1253918495,0.76,95,29.23,77,33.48,40,26.14,18,18.95,62,19.08,45,17.11,40,18.35,36,58.06,19,5.85,17,5.56,28,9.69,24,126.32,18,5.54,28,9.12,28,10.04,18,100.00,18,5.54,28,9.12,39,13.98,24,133.33,172.5,20.16,683,5.479251899,70,40.58,125,206,331,62.24,117,-89,206,81,6,10,2.93
7,Saint Paul W-7 P-1,2157,2161,4,33,7.19,459,9.32,21.24,11.92,22,481,4.57,145,30.15,123,26.80,205,42.62,60,17.86,291,63.40,137,81.55,121,390.32,-90,94,0,94,32.30,737,-278,-60.57,0.6339869281,336,0.4077380952,276,0.4384057971,1.48,58,12.64,50,12.47,39,11.11,31,53.45,86,18.74,99,26.54,49,17.88,29,33.72,22,4.79,48,10.98,64,16.45,12,54.55,0,0.00,0,0.00,0,0.00,0,0.00,0,0.00,0,0.00,0,0.00,0,0.00,274.25,24.84,830,5.275178345,147,53.60,221,241,462,52.16,291,50,291,70,3,17,3.55
7,Saint Paul W-7 P-2,1318,1315,-3,12,4.55,264,5.69,20.08,14.39,36,300,12.00,75,25.00,39,14.77,109,36.33,34,15.11,108,40.91,77,49.36,62,78.48,17,41,0,45,41.67,333,-69,-26.14,0.4090909091,225,0.3422222222,191,0.3246073298,1.08,57,21.59,59,28.50,48,32.43,24,42.11,63,23.86,50,24.88,40,26.49,22,34.92,27,10.23,30,12.66,32,15.46,21,77.78,0,0.00,0,0.00,0,0.00,0,0.00,0,0.00,0,0.00,0,0.00,0,0.00,157.5,22.36,547,4.488257184,75,47.62,104,169,273,61.90,108,-61,108,4,9,18,6.19
7,Saint Paul W-7 P-3,1553,1561,8,22,7.03,313,6.76,20.05,13.29,25,338,7.40,110,32.54,85,27.16,155,45.86,45,19.74,178,56.87,72,53.33,56,88.89,7,37,0,36,20.22,379,-66,-21.09,0.5686900958,228,0.3157894737,183,0.306010929,1.19,42,13.42,47,17.34,34,15.18,20,47.62,62,19.81,66,26.29,41,22.16,18,29.03,26,8.31,38,13.24,47,18.88,16,61.54,0,0.00,0,0.00,0,0.00,0,0.00,0,0.00,0,0.00,0,0.00,0,0.00,191.25,25.09,571,5.030897224,100,52.29,159,168,327,51.38,178,10,178,19,14,6,1.80
7,Saint Paul W-7 P-4,935,942,7,11,5.85,188,8.39,19.96,11.57,16,204,7.84,75,36.76,59,31.38,119,58.33,44,34.11,93,49.47,51,53.68,27,61.36,17,14,0,10,10.75,195,-7,-3.72,0.4946808511,129,0.3953488372,85,0.3176470588,1.21,45,23.94,24,16.78,24,20.17,9,20.00,26,13.83,32,19.75,16,12.31,5,19.23,21,11.17,19,11.38,15,10.14,8,38.10,0,0.00,0,0.00,0,0.00,0,0.00,0,0.00,0,0.00,0,0.00,0,0.00,126.75,29.91,297,5.969599609,48,37.87,80,115,195,58.97,93,-22,93,13,7,6,2.99
7,Saint Paul W-7 P-5,1382,1390,8,39,8.26,472,18.77,33.96,15.19,24,496,4.84,188,37.90,164,34.75,252,50.81,64,20.78,375,79.45,133,137.11,110,-305.56,-146,104,0,92,24.53,814,-342,-72.46,0.7944915254,308,0.4318181818,244,0.4508196721,1.68,37,7.84,59,13.56,32,8.51,17,45.95,37,7.84,70,16.09,54,14.79,10,27.03,18,3.81,41,9.03,43,10.41,10,55.56,0,0.00,0,0.00,0,0.00,0,0.00,0,0.00,0,0.00,0,0.00,0,0.00,273.5,23.55,888,7.995862458,140,51.19,247,223,470,47.45,375,152,375,128,-2,20,4.08
7,Saint Paul W-7 P-6,1452,1458,6,15,5.47,274,6.05,18.79,12.74,27,301,8.97,116,38.54,89,32.48,145,48.17,29,15.68,156,56.93,69,58.47,49,100.00,0,50,0,36,23.08,360,-86,-31.39,0.5693430657,185,0.372972973,156,0.3141025641,1.26,59,21.53,43,20.00,31,18.02,19,32.20,40,14.60,46,19.66,39,20.74,14,35.00,19,6.93,27,10.59,37,16.23,10,52.63,0,0.00,0,0.00,0,0.00,0,0.00,0,0.00,0,0.00,0,0.00,0,0.00,177,26.30,496,4.94255193,69,38.98,102,189,291,64.95,156,-33,156,54,17,10,3.32
7,Saint Paul W-7 P-7,1300,1305,5,22,9.61,229,7.82,17.55,9.73,27,256,10.55,77,30.08,50,21.83,112,43.75,35,19.55,124,54.15,57,54.29,41,85.42,7,46,0,35,28.23,303,-74,-32.31,0.5414847162,179,0.3184357542,144,0.2847222222,1.14,43,18.78,55,29.57,35,26.72,17,39.53,44,19.21,41,22.16,36,25.00,12,27.27,17,7.42,25,11.79,31,16.58,16,94.12,0,0.00,0,0.00,0,0.00,0,0.00,0,0.00,0,0.00,0,0.00,0,0.00,155.75,28.13,398,4.935592399,57,36.60,108,139,247,56.28,124,-15,124,16,18,8,3.14
7,Saint Paul W-7 P-8,1769,1766,-3,26,7.45,349,8.19,19.76,11.57,32,381,8.40,184,48.29,152,43.55,245,64.30,61,30.96,202,57.88,54,36.73,36,38.71,57,26,0,23,11.39,341,8,2.29,0.5787965616,197,0.2741116751,136,0.2647058824,1.12,76,21.78,53,19.41,31,14.09,12,15.79,42,12.03,63,20.52,38,15.57,9,21.43,27,7.74,25,7.76,29,9.76,6,22.22,0,0.00,0,0.00,0,0.00,0,0.00,0,0.00,0,0.00,0,0.00,0,0.00,217.75,25.15,648,4.970503583,107,49.14,163,208,371,56.06,202,-6,202,39,22,8,2.11
7,Saint Paul W-7 P-9,1565,1577,12,18,5.20,346,6.83,21.94,15.11,36,382,9.42,108,28.27,72,20.81,155,40.58,47,17.15,181,52.31,100,60.61,67,103.08,-2,59,0,57,31.49,464,-118,-34.10,0.5231213873,274,0.3649635036,227,0.295154185,1.18,84,24.28,63,24.05,59,29.65,31,36.90,47,13.58,62,20.74,59,24.89,22,46.81,29,8.38,44,13.88,37,13.55,18,62.07,0,0.00,0,0.00,0,0.00,0,0.00,0,0.00,0,0.00,0,0.00,0,0.00,214.25,24.37,665,5.346294265,77,35.94,166,199,365,54.52,181,-18,181,15,19,12,3.18
7,Saint Paul W-7 P-10,1449,1456,7,19,5.88,323,7.70,22.18,14.48,39,362,10.77,116,32.04,77,23.84,154,42.54,38,15.45,163,50.46,93,58.13,65,97.01,2,68,0,55,33.74,444,-121,-37.46,0.5046439628,246,0.3780487805,208,0.3125,1.20,88,27.24,55,23.40,42,23.33,26,29.55,52,16.10,56,20.66,50,23.26,16,30.77,14,4.33,35,11.33,45,16.42,9,64.29,0,0.00,0,0.00,0,0.00,0,0.00,0,0.00,0,0.00,0,0.00,0,0.00,202.75,24.44,627,5.420692218,78,38.47,146,203,349,58.17,163,-40,163,17,26,7,1.97
7,Saint Paul W-7 P-11,1299,1299,0,5,3.09,162,5.23,12.47,7.24,14,176,7.95,63,35.80,49,30.25,88,50.00,25,22.12,88,54.32,34,45.95,28,70.00,12,21,0,17,19.32,188,-26,-16.05,0.5432098765,113,0.3008849558,88,0.3181818182,1.16,23,14.20,18,12.95,15,12.40,5,21.74,36,22.22,37,29.37,22,24.72,10,27.78,14,8.64,23,15.54,22,17.60,6,42.86,0,0.00,0,0.00,0,0.00,0,0.00,0,0.00,0,0.00,0,0.00,0,0.00,115.75,32.63,239,4.069157117,53,45.79,66,103,169,60.95,88,-15,88,22,7,6,3.43
7,Saint Paul W-7 P-12,2643,2649,6,53,8.91,595,10.37,22.46,12.09,35,630,5.56,229,36.35,194,32.61,297,47.14,68,16.96,394,66.22,166,82.59,140,400.00,-105,119,0,109,27.66,928,-333,-55.97,0.6621848739,401,0.4139650873,333,0.4204204204,1.50,95,15.97,79,15.80,57,13.54,31,32.63,76,12.77,100,19.27,69,16.47,32,42.11,25,4.20,51,8.95,62,11.95,18,72.00,0,0.00,0,0.00,0,0.00,0,0.00,0,0.00,0,0.00,0,0.00,0,0.00,373.5,26.75,1023,6.007374041,160,42.84,305,296,601,49.25,394,98,394,89,6,24,3.84
7,Saint Paul W-7 P-13,1928,1941,13,42,6.83,615,13.10,31.68,18.58,55,670,8.21,258,38.51,203,33.01,329,49.10,71,17.23,478,77.72,204,148.91,171,-255.22,-238,141,0,154,32.22,1148,-533,-86.67,0.7772357724,412,0.4951456311,341,0.5014662757,1.77,63,10.24,79,14.31,52,10.99,31,49.21,50,8.13,79,13.98,67,13.79,10,20.00,19,3.09,45,7.55,46,8.35,6,31.58,0,0.00,0,0.00,0,0.00,0,0.00,0,0.00,0,0.00,0,0.00,0,0.00,358.75,22.41,1242,7.100974934,127,35.40,361,286,647,44.20,478,192,478,117,32,18,2.71